neuron_index,total_traveling_distance
0,31171
1,31171
2,31171
3,31171
4,31171
5,31171
6,31171
7,31171
8,31171
9,31171
10,31171
11,31171
12,31171
13,31171
14,31171
15,31171
16,31171
17,31171
18,31171
19,31171
20,31171
21,31171
22,31171
23,31171
24,31171
25,31171
26,31171
27,31171
28,31171
29,31171
30,31171
31,31171
32,31171
33,31171
34,31171
35,31171
36,31171
37,31171
38,31171
39,31171
40,31171
41,31171
42,31171
43,31171
44,31171
45,31171
46,31171
47,31171
48,31171
49,31171
50,31171
51,31171
52,31171
53,31171
54,31171
55,31171
56,31171
57,31171
58,31171
59,31171
60,31171
61,31171
62,31171
63,31171
64,31171
65,31171
66,31171
67,31171
68,31171
69,31171
70,31171
71,31171
72,31171
73,31171
74,31171
75,31171
76,31171
77,31171
78,31171
79,31171
80,31171
81,31171
82,31171
83,31171
84,31171
85,31171
86,31171
87,31171
88,31171
89,31171
90,31171
91,31171
92,31171
93,31171
94,31171
95,31171
96,31171
97,31171
98,31171
99,31171
100,31171
101,31171
102,31171
103,31171
104,31171
105,31171
106,31171
107,31171
108,31171
109,31171
110,31171
111,31171
112,31171
113,31171
114,31171
115,31171
116,31171
117,31171
118,31171
119,31171
120,31171
121,31171
122,31171
123,31171
124,31171
125,31171
126,31171
127,31171
128,31171
129,31171
130,31171
131,31171
132,31171
133,31171
134,31171
135,31171
136,31171
137,31171
138,31171
139,31171
140,31171
141,31171
142,31171
143,27545
144,27545
145,27545
146,27545
147,27545
148,27545
149,27545
150,27545
151,27545
152,27545
153,27545
154,27545
155,27545
156,27545
157,27545
158,27545
159,27545
160,27545
161,27545
162,27545
163,27545
164,27545
165,27545
166,27545
167,27545
168,27545
169,27545
170,27545
171,27545
172,27545
173,27545
174,27545
175,27545
176,27545
177,27545
178,27545
179,27545
180,27545
181,27545
182,27545
183,27545
184,27545
185,27545
186,27545
187,27545
188,27545
189,27545
190,27545
191,27545
192,27545
193,27545
194,27545
195,27545
196,27545
197,27545
198,27545
199,27545
200,27545
201,27545
202,27545
203,27545
204,27545
205,27545
206,27545
207,27545
208,27545
209,27545
210,27545
211,27545
212,27545
213,27545
214,27545
215,27545
216,27545
217,27545
218,27545
219,27545
220,27545
221,27545
222,27545
223,27545
224,27545
225,27545
226,27545
227,27545
228,27545
229,27545
230,27545
231,27545
232,27545
233,27545
234,27545
235,27545
236,27545
237,27545
238,27545
239,27545
240,27545
241,25355
242,25355
243,25355
244,25355
245,25355
246,25355
247,25355
248,25355
249,25355
250,25355
251,25355
252,25355
253,25355
254,25355
255,25355
256,25355
257,25355
258,25355
259,25355
260,25355
261,25355
262,25355
263,25355
264,25355
265,25355
266,25355
267,25355
268,25355
269,25355
270,25355
271,25355
272,25355
273,25355
274,25355
275,25355
276,25355
277,25355
278,25355
279,25355
280,25355
281,25355
282,25355
283,25355
284,25355
285,25355
286,25355
287,25355
288,25355
289,25355
290,25355
291,25355
292,25355
293,25355
294,25355
295,25355
296,25355
297,25355
298,25355
299,25355
300,25355
301,25355
302,25355
303,25355
304,25355
305,24329
306,24329
307,24329
308,24329
309,24329
310,24329
311,24329
312,24329
313,24329
314,24329
315,24329
316,24329
317,24329
318,24329
319,24329
320,24329
321,24329
322,24329
323,24329
324,24329
325,24329
326,24329
327,24329
328,24329
329,24329
330,24329
331,24329
332,24329
333,24329
334,24329
335,24329
336,24607
337,24607
338,24607
339,24607
340,24607
341,24607
342,24607
343,24607
344,24607
345,24607
346,24607
347,24607
348,24607
349,24607
350,24607
351,24607
352,24607
353,24607
354,24607
355,24607
356,24607
357,24607
358,24607
359,24607
360,24607
361,24607
362,24607
363,24607
364,24607
365,24607
366,24607
367,24607
368,24607
369,24607
370,24607
371,24607
372,24607
373,24607
374,24607
375,24607
376,24607
377,24607
378,24607
379,24607
380,24607
381,24607
382,24607
383,24607
384,24607
385,24607
386,24607
387,24607
388,24607
389,24607
390,24607
391,24607
392,24607
393,24607
394,24607
395,24607
396,24607
397,24607
398,24607
399,24607
400,24607
401,24607
402,24607
403,24607
404,24607
405,24607
406,24607
407,24607
408,24607
409,24607
410,24607
411,24607
412,24607
413,24607
414,24607
415,24607
416,24607
417,24607
418,24607
419,24607
420,24607
421,24607
422,24607
423,24607
424,24607
425,24607
426,24607
427,24607
428,24607
429,24607
430,24607
431,24607
432,24607
433,24607
434,24607
435,24607
436,24607
437,24607
438,24607
439,24607
440,24607
441,24607
442,24607
443,24607
444,24607
445,24607
446,24607
447,24607
448,29159
449,29159
450,29159
451,29159
452,29159
453,29159
454,29159
455,29159
456,29159
457,29159
458,29159
459,29159
460,29159
461,29159
462,29159
463,29159
464,29159
465,29159
466,29159
467,29159
468,29159
469,29159
470,29159
471,29159
472,29159
473,29159
474,29159
475,29159
476,29159
477,29159
478,29159
479,29159
480,29159
481,29159
482,29159
483,29159
484,29159
485,29159
486,29159
487,29159
488,29159
489,29159
490,29159
491,29159
492,29159
493,29159
494,29159
495,29159
496,29159
497,29159
498,29159
499,29159
500,29159
501,29159
502,29159
503,29159
504,29159
505,29159
506,29159
507,29159
508,29159
509,29159
510,29159
511,29159
512,29159
513,29159
514,29159
515,29159
516,29159
517,29159
518,29159
519,29159
520,29159
521,29159
522,29159
523,29159
524,29159
525,29159
526,29159
527,29159
528,29159
529,29159
530,29159
531,29159
532,29159
533,29159
534,29159
535,29159
536,29159
537,29159
538,29159
539,29159
540,29159
541,29159
542,29159
543,29159
544,29159
545,29159
546,29159
547,29159
548,29159
549,29159
550,29159
551,29159
552,29159
553,29159
554,29159
555,29159
556,29159
557,29159
558,29159
559,29159
560,29159
561,29159
562,29159
563,29159
564,29159
565,29159
566,29159
567,29159
568,29159
569,29159
570,29159
571,29159
572,29159
573,29159
574,29159
575,29159
576,29159
577,29159
578,29159
579,29159
580,29159
581,29159
582,29159
583,29159
584,29159
585,29159
586,29159
587,29159
588,29159
589,29159
590,29159
591,29159
592,29159
593,29159
594,29159
595,29159
596,29159
597,29159
598,29159
599,29159
600,29159
601,29159
602,29159
603,29159
604,29159
605,29159
606,29159
607,29159
608,29159
609,29159
610,29159
611,29159
612,29159
613,29159
614,29159
615,29159
616,29159
617,29159
618,29159
619,29159
620,29159
621,29159
622,29159
623,29159
624,29159
625,29159
626,29159
627,29159
628,29159
629,29159
630,29159
631,29159
632,29159
633,29159
634,29159
635,29159
636,29159
637,29159
638,29159
639,29159
640,29159
641,29159
642,29159
643,29159
644,29159
645,29159
646,29159
647,29159
648,29159
649,29159
650,29159
651,29159
652,29159
653,29159
654,29159
655,29159
656,29159
657,29159
658,29159
659,29159
660,29159
661,29159
662,29159
663,29159
664,29159
665,29159
666,29159
667,29159
668,29159
669,29159
670,29159
671,29159
672,29159
673,29159
674,29159
675,29159
676,29159
677,29159
678,29159
679,29159
680,29159
681,32891
682,32891
683,32891
684,32891
685,32891
686,32891
687,32891
688,32891
689,32891
690,32891
691,32891
692,32891
693,32891
694,32891
695,32891
696,32891
697,32891
698,32891
699,32891
700,32891
701,32891
702,32891
703,32891
704,32891
705,32891
706,32891
707,32891
708,32891
709,32891
710,32891
711,32891
712,32891
713,32891
714,32891
715,32891
716,32891
717,32891
718,32891
719,32891
720,32891
721,32891
722,32891
723,32891
724,32891
725,32891
726,32891
727,32891
728,32891
729,32891
730,32891
731,32891
732,32891
733,32891
734,32891
735,32891
736,32891
737,32891
738,32891
739,32891
740,32891
741,32891
742,32891
743,32891
744,32891
745,32891
746,32891
747,32891
748,32891
749,32891
750,32891
751,32891
752,32891
753,32891
754,32891
755,32891
756,32891
757,32891
758,32891
759,32891
760,32891
761,32891
762,32891
763,32891
764,32891
765,32891
766,28379
767,28379
768,28379
769,28379
770,28379
771,28379
772,28379
773,28379
774,28379
775,28379
776,28379
777,28379
778,28379
779,28379
780,28379
781,28379
782,28379
783,28379
784,28379
785,28379
786,28379
787,28379
788,28379
789,28379
790,28379
791,28379
792,28379
793,28379
794,28379
795,28379
796,28379
797,28379
798,28379
799,28379
800,28379
801,28379
802,28379
803,28379
804,28379
805,28379
806,28379
807,28379
808,28379
809,28379
810,28379
811,28379
812,28379
813,28379
814,28379
815,28379
816,28379
817,28379
818,28379
819,28379
820,28379
821,28379
822,28379
823,28379
824,28379
825,28379
826,28379
827,28379
828,28379
829,28379
830,28379
831,28379
832,28379
833,28379
834,28379
835,28379
836,28379
837,28379
838,28379
839,28379
840,28379
841,28379
842,28379
843,28379
844,28379
845,28379
846,28379
847,28379
848,28379
849,28379
850,28379
851,28379
852,28379
853,28379
854,28379
855,28379
856,28379
857,28379
858,28379
859,28379
860,28379
861,28379
862,28379
863,28379
864,28379
865,28379
866,28379
867,28379
868,28379
869,28379
870,28379
871,28379
872,28379
873,28379
874,28379
875,28379
876,28379
877,28379
878,28379
879,28379
880,28379
881,28379
882,28379
883,28379
884,28379
885,28379
886,28379
887,28379
888,28379
889,28379
890,28379
891,28379
892,28379
893,28379
894,28379
895,28379
896,28379
897,28379
898,28379
899,28379
900,28379
901,28379
902,28379
903,28379
904,28379
905,28379
906,28379
907,28379
908,28379
909,28379
910,28379
911,28379
912,28379
913,28379
914,28379
915,28379
916,28379
917,28379
918,28379
919,28379
920,28379
921,28379
922,28379
923,28379
924,28379
925,28379
926,28379
927,28379
928,28379
929,28379
930,28379
931,28379
932,28379
933,28379
934,28379
935,28379
936,28379
937,28379
938,28379
939,28379
940,28379
941,28379
942,28379
943,28379
944,28379
945,28379
946,28379
947,28379
948,28379
949,28379
950,28379
951,28379
952,28379
953,28379
954,28379
955,28379
956,28379
957,28379
958,28379
959,28379
960,28379
961,28379
962,28379
963,28379
964,28379
965,28379
966,28379
967,28379
968,28379
969,28379
970,28379
971,28379
972,28379
973,28379
974,28379
975,28379
976,28379
977,28379
978,28379
979,28379
980,28379
981,28379
982,28379
983,28379
984,28379
985,28379
986,28379
987,28379
988,28379
989,28379
990,28379
991,28379
992,28379
993,28379
994,28379
995,28379
996,28379
997,28379
998,28379
999,28379
1000,28379
1001,24753
1002,24753
1003,24753
1004,24753
1005,24753
1006,24753
1007,24753
1008,24753
1009,24753
1010,24753
1011,24753
1012,24753
1013,24753
1014,24753
1015,24753
1016,24753
1017,24753
1018,24753
1019,24753
1020,24753
1021,22563
1022,22563
1023,22563
1024,22563
1025,22563
1026,22563
1027,22563
1028,22563
1029,22563
1030,22563
1031,22563
1032,22563
1033,22563
1034,22563
1035,22563
1036,22563
1037,22563
1038,22563
1039,22563
1040,22563
1041,22563
1042,22563
1043,22563
1044,22563
1045,22563
1046,22563
1047,22563
1048,22563
1049,22563
1050,22563
1051,22563
1052,22563
1053,22563
1054,22563
1055,22563
1056,22563
1057,22563
1058,22563
1059,22563
1060,22563
1061,22563
1062,22563
1063,22563
1064,22563
1065,22563
1066,22563
1067,22563
1068,22563
1069,22563
1070,22563
1071,22563
1072,22563
1073,22563
1074,22563
1075,22563
1076,22563
1077,22563
1078,22563
1079,22563
1080,22563
1081,22563
1082,22563
1083,22563
1084,22563
1085,22563
1086,22563
1087,22563
1088,22563
1089,22563
1090,22563
1091,22563
1092,22563
1093,22563
1094,22563
1095,22563
1096,22563
1097,22563
1098,22563
1099,22563
1100,22563
1101,22563
1102,22563
1103,22563
1104,22563
1105,22563
1106,22563
1107,22563
1108,22563
1109,22563
1110,22563
1111,22563
1112,22563
1113,22563
1114,22563
1115,22563
1116,22563
1117,22563
1118,22563
1119,22563
1120,22563
1121,22563
1122,22563
1123,22563
1124,22563
1125,22563
1126,22563
1127,22563
1128,22563
1129,22563
1130,22563
1131,22563
1132,22563
1133,22563
1134,22563
1135,22563
1136,22563
1137,22563
1138,22563
1139,22563
1140,22563
1141,22563
1142,22563
1143,22563
1144,22563
1145,22563
1146,22563
1147,22563
1148,22563
1149,22563
1150,22563
1151,22563
1152,22563
1153,22563
1154,22563
1155,22563
1156,22563
1157,22563
1158,22563
1159,22563
1160,22563
1161,22563
1162,22563
1163,22563
1164,22563
1165,22563
1166,22563
1167,22563
1168,22563
1169,22563
1170,22563
1171,22563
1172,22563
1173,22563
1174,22563
1175,22563
1176,22563
1177,22563
1178,22563
1179,22563
1180,22563
1181,22563
1182,22563
1183,22563
1184,22563
1185,22563
1186,22563
1187,22563
1188,22563
1189,22563
1190,22563
1191,22563
1192,22563
1193,22563
1194,22563
1195,22563
1196,22563
1197,22563
1198,22563
1199,22563
1200,22563
1201,22563
1202,22563
1203,22563
1204,22563
1205,22563
1206,22563
1207,22563
1208,22563
1209,22563
1210,22563
1211,22563
1212,22563
1213,22563
1214,22563
1215,22563
1216,22563
1217,22563
1218,22563
1219,22563
1220,22563
1221,22563
1222,22563
1223,22563
1224,22563
1225,22563
1226,22563
1227,22563
1228,22563
1229,22563
1230,22563
1231,22563
1232,22563
1233,22563
1234,22563
1235,22563
1236,22563
1237,22563
1238,22563
1239,22563
1240,22563
1241,22563
1242,22563
1243,22563
1244,22563
1245,22563
1246,22563
1247,22563
1248,22563
1249,22563
1250,22563
1251,22563
1252,22563
1253,22563
1254,22563
1255,22563
1256,21537
1257,21537
1258,21537
1259,21537
1260,21537
1261,21537
1262,21537
1263,21537
1264,21537
1265,21537
1266,21537
1267,21537
1268,21537
1269,21537
1270,21537
1271,21537
1272,21537
1273,21537
1274,21537
1275,21537
1276,21537
1277,21537
1278,21537
1279,21537
1280,21537
1281,21537
1282,21537
1283,21537
1284,21537
1285,21537
1286,21537
1287,21537
1288,21537
1289,21537
1290,21537
1291,21537
1292,21537
1293,21537
1294,21537
1295,21537
1296,21537
1297,21537
1298,21537
1299,21537
1300,21537
1301,21537
1302,21537
1303,21537
1304,21537
1305,21537
1306,21537
1307,21537
1308,21537
1309,21537
1310,21537
1311,21537
1312,21537
1313,21537
1314,21537
1315,21537
1316,21537
1317,21537
1318,21537
1319,21537
1320,21537
1321,21537
1322,21537
1323,21537
1324,21537
1325,21537
1326,21537
1327,21537
1328,21537
1329,21537
1330,21537
1331,21537
1332,21537
1333,21537
1334,21537
1335,21537
1336,21537
1337,21537
1338,21537
1339,21537
1340,21537
1341,21537
1342,21537
1343,21537
1344,21537
1345,21537
1346,21537
1347,21537
1348,21537
1349,21537
1350,21537
1351,21537
1352,21537
1353,21537
1354,21537
1355,21537
1356,21537
1357,21537
1358,21537
1359,21537
1360,21537
1361,21537
1362,21537
1363,21537
1364,21537
1365,21537
1366,21537
1367,21537
1368,21537
1369,21537
1370,21537
1371,21537
1372,21537
1373,21537
1374,21537
1375,21537
1376,21537
1377,21537
1378,21537
1379,21537
1380,21537
1381,21537
1382,21537
1383,21537
1384,21537
1385,21537
1386,21537
1387,21537
1388,21537
1389,21537
1390,21537
1391,21537
1392,21815
1393,21815
1394,21815
1395,21815
1396,21815
1397,21815
1398,21815
1399,21815
1400,21815
1401,21815
1402,21815
1403,21815
1404,21815
1405,21815
1406,21815
1407,21815
1408,21815
1409,21815
1410,21815
1411,21815
1412,21815
1413,21815
1414,21815
1415,21815
1416,21815
1417,21815
1418,21815
1419,21815
1420,21815
1421,21815
1422,21815
1423,21815
1424,21815
1425,21815
1426,21815
1427,21815
1428,21815
1429,21815
1430,21815
1431,21815
1432,21815
1433,21815
1434,21815
1435,21815
1436,21815
1437,21815
1438,21815
1439,21815
1440,21815
1441,21815
1442,21815
1443,21815
1444,21815
1445,21815
1446,21815
1447,21815
1448,21815
1449,21815
1450,21815
1451,21815
1452,21815
1453,21815
1454,21815
1455,21815
1456,21815
1457,21815
1458,21815
1459,21815
1460,21815
1461,21815
1462,21815
1463,21815
1464,21815
1465,21815
1466,21815
1467,21815
1468,21815
1469,21815
1470,21815
1471,21815
1472,21815
1473,21815
1474,21815
1475,21815
1476,21815
1477,21815
1478,21815
1479,21815
1480,21815
1481,21815
1482,21815
1483,21815
1484,21815
1485,21815
1486,21815
1487,21815
1488,21815
1489,21815
1490,21815
1491,21815
1492,21815
1493,21815
1494,21815
1495,21815
1496,21815
1497,21815
1498,21815
1499,21815
1500,21815
1501,21815
1502,23605
1503,23605
1504,23605
1505,23605
1506,23605
1507,23605
1508,23605
1509,23605
1510,23605
1511,23605
1512,23605
1513,23605
1514,23605
1515,23605
1516,23605
1517,23605
1518,23605
1519,23605
1520,23605
1521,23605
1522,23605
1523,23605
1524,23605
1525,23605
1526,23605
1527,23605
1528,23605
1529,23605
1530,23605
1531,23605
1532,23605
1533,23605
1534,23605
1535,23605
1536,23605
1537,23605
1538,23605
1539,23605
1540,23605
1541,23605
1542,23605
1543,23605
1544,23605
1545,23605
1546,23605
1547,23605
1548,23605
1549,23605
1550,23605
1551,23605
1552,23605
1553,23605
1554,23605
1555,23605
1556,23605
1557,23605
1558,23605
1559,23605
1560,23605
1561,23605
1562,23605
1563,23605
1564,23605
1565,23605
1566,23605
1567,23605
1568,23605
1569,23605
1570,23605
1571,23605
1572,23605
1573,23605
1574,23605
1575,23605
1576,23605
1577,23605
1578,23605
1579,23605
1580,23605
1581,23605
1582,23605
1583,23605
1584,23605
1585,23605
1586,23605
1587,23605
1588,23605
1589,23605
1590,23605
1591,23605
1592,23605
1593,23605
1594,23605
1595,23605
1596,23605
1597,23605
1598,23605
1599,23605
1600,23605
1601,23605
1602,23605
1603,23605
1604,23605
1605,23605
1606,23605
1607,23605
1608,23605
1609,23605
1610,23605
1611,23605
1612,23605
1613,23605
1614,23605
1615,23605
1616,23605
1617,23605
1618,23605
1619,23605
1620,23605
1621,23605
1622,23605
1623,23605
1624,23605
1625,23605
1626,23605
1627,23605
1628,23605
1629,23605
1630,23605
1631,23605
1632,23605
1633,23605
1634,23605
1635,23605
1636,23605
1637,23605
1638,23605
1639,23605
1640,23605
1641,23605
1642,23605
1643,23605
1644,23605
1645,23605
1646,23605
1647,23605
1648,23605
1649,23605
1650,23605
1651,23605
1652,23605
1653,23605
1654,23605
1655,23605
1656,23605
1657,23605
1658,23605
1659,23605
1660,23605
1661,23605
1662,23605
1663,23605
1664,23605
1665,23605
1666,23605
1667,23605
1668,23605
1669,23605
1670,23605
1671,23605
1672,23605
1673,23605
1674,26367
1675,26367
1676,26367
1677,26367
1678,26367
1679,26367
1680,26367
1681,26367
1682,26367
1683,26367
1684,26367
1685,26367
1686,26367
1687,26367
1688,26367
1689,26367
1690,26367
1691,26367
1692,26367
1693,26367
1694,26367
1695,26367
1696,26367
1697,26367
1698,26367
1699,26367
1700,26367
1701,26367
1702,26367
1703,26367
1704,26367
1705,26367
1706,26367
1707,26367
1708,26367
1709,26367
1710,26367
1711,26367
1712,26367
1713,26367
1714,26367
1715,26367
1716,26367
1717,26367
1718,26367
1719,26367
1720,26367
1721,26367
1722,30099
1723,30099
1724,30099
1725,30099
1726,30099
1727,30099
1728,30099
1729,30099
1730,30099
1731,30099
1732,30099
1733,30099
1734,30099
1735,30099
1736,30099
1737,30099
1738,30099
1739,30099
1740,30099
1741,30099
1742,30099
1743,30099
1744,30099
1745,30099
1746,30099
1747,30099
1748,30099
1749,30099
1750,30099
1751,30099
1752,30099
1753,30099
1754,30099
1755,30099
1756,30099
1757,30099
1758,30099
1759,30099
1760,30099
1761,30099
1762,30099
1763,30099
1764,30099
1765,30099
1766,30099
1767,30099
1768,30099
1769,30099
1770,30099
1771,30099
1772,30099
1773,30099
1774,30099
1775,30099
1776,30099
1777,30099
1778,30099
1779,30099
1780,30099
1781,30099
1782,30099
1783,30099
1784,30099
1785,30099
1786,30099
1787,30099
1788,30099
1789,30099
1790,30099
1791,30099
1792,30099
1793,30099
1794,30099
1795,30099
1796,30099
1797,30099
1798,30099
1799,30099
1800,30099
1801,30099
1802,30099
1803,30099
1804,30099
1805,30099
1806,30099
1807,30099
1808,30099
1809,30099
1810,30099
1811,30099
1812,30099
1813,30099
1814,30099
1815,30099
1816,30099
1817,30099
1818,30099
1819,30099
1820,30099
1821,30099
1822,30099
1823,30099
1824,30099
1825,30099
1826,30099
1827,30099
1828,30099
1829,30099
1830,30099
1831,30099
1832,30099
1833,30099
1834,30099
1835,30099
1836,30099
1837,30099
1838,30099
1839,30099
1840,30099
1841,30099
1842,30099
1843,30099
1844,30099
1845,30099
1846,30099
1847,30099
1848,30099
1849,30099
1850,30099
1851,30099
1852,30099
1853,30099
1854,30099
1855,30099
1856,30099
1857,30099
1858,30099
1859,30099
1860,30099
1861,30099
1862,30099
1863,30099
1864,30099
1865,30099
1866,30099
1867,30099
1868,30099
1869,30099
1870,30099
1871,30099
1872,30099
1873,30099
1874,30099
1875,30099
1876,30099
1877,30099
1878,30099
1879,30099
1880,30099
1881,30099
1882,30099
1883,30099
1884,30099
1885,30099
1886,30099
1887,30099
1888,30099
1889,30099
1890,30099
1891,30099
1892,30099
1893,30099
1894,30099
1895,30099
1896,30099
1897,30099
1898,30099
1899,30099
1900,30099
1901,30099
1902,30099
1903,30099
1904,30099
1905,30099
1906,30099
1907,30099
1908,30099
1909,30099
1910,30099
1911,30099
1912,30099
1913,30099
1914,30099
1915,30099
1916,30099
1917,30099
1918,30099
1919,30099
1920,30099
1921,30099
1922,30099
1923,30099
1924,30099
1925,30099
1926,30099
1927,30099
1928,30099
1929,30099
1930,30099
1931,30099
1932,30099
1933,30099
1934,27011
1935,27011
1936,27011
1937,27011
1938,27011
1939,27011
1940,27011
1941,27011
1942,27011
1943,27011
1944,27011
1945,27011
1946,27011
1947,27011
1948,27011
1949,27011
1950,27011
1951,27011
1952,27011
1953,27011
1954,27011
1955,27011
1956,27011
1957,27011
1958,27011
1959,27011
1960,27011
1961,27011
1962,27011
1963,27011
1964,27011
1965,27011
1966,27011
1967,27011
1968,27011
1969,27011
1970,27011
1971,27011
1972,27011
1973,27011
1974,27011
1975,27011
1976,27011
1977,27011
1978,27011
1979,27011
1980,27011
1981,27011
1982,27011
1983,27011
1984,27011
1985,27011
1986,27011
1987,27011
1988,27011
1989,27011
1990,27011
1991,27011
1992,27011
1993,27011
1994,27011
1995,27011
1996,27011
1997,27011
1998,27011
1999,27011
2000,27011
2001,27011
2002,27011
2003,27011
2004,27011
2005,27011
2006,27011
2007,27011
2008,27011
2009,27011
2010,27011
2011,27011
2012,27011
2013,27011
2014,27011
2015,27011
2016,27011
2017,27011
2018,27011
2019,27011
2020,27011
2021,27011
2022,27011
2023,27011
2024,27011
2025,23385
2026,23385
2027,23385
2028,23385
2029,23385
2030,23385
2031,23385
2032,23385
2033,23385
2034,23385
2035,23385
2036,23385
2037,23385
2038,23385
2039,23385
2040,23385
2041,23385
2042,23385
2043,23385
2044,23385
2045,23385
2046,23385
2047,23385
2048,23385
2049,23385
2050,23385
2051,23385
2052,23385
2053,23385
2054,23385
2055,23385
2056,23385
2057,23385
2058,23385
2059,23385
2060,23385
2061,23385
2062,23385
2063,23385
2064,23385
2065,23385
2066,23385
2067,23385
2068,23385
2069,23385
2070,23385
2071,23385
2072,23385
2073,23385
2074,23385
2075,23385
2076,23385
2077,23385
2078,23385
2079,23385
2080,23385
2081,23385
2082,23385
2083,23385
2084,23385
2085,23385
2086,23385
2087,23385
2088,23385
2089,23385
2090,23385
2091,23385
2092,23385
2093,23385
2094,23385
2095,23385
2096,23385
2097,23385
2098,23385
2099,23385
2100,23385
2101,23385
2102,23385
2103,23385
2104,23385
2105,23385
2106,23385
2107,23385
2108,23385
2109,23385
2110,23385
2111,23385
2112,23385
2113,23385
2114,23385
2115,23385
2116,23385
2117,23385
2118,23385
2119,23385
2120,23385
2121,23385
2122,23385
2123,23385
2124,23385
2125,23385
2126,23385
2127,23385
2128,23385
2129,23385
2130,23385
2131,23385
2132,23385
2133,23385
2134,23385
2135,23385
2136,23385
2137,23385
2138,23385
2139,23385
2140,23385
2141,23385
2142,23385
2143,23385
2144,23385
2145,23385
2146,23385
2147,23385
2148,23385
2149,23385
2150,23385
2151,23385
2152,23385
2153,23385
2154,23385
2155,23385
2156,23385
2157,23385
2158,23385
2159,23385
2160,23385
2161,23385
2162,23385
2163,23385
2164,23385
2165,23385
2166,23385
2167,23385
2168,23385
2169,23385
2170,23385
2171,23385
2172,23385
2173,23385
2174,23385
2175,23385
2176,23385
2177,23385
2178,23385
2179,23385
2180,23385
2181,23385
2182,23385
2183,23385
2184,23385
2185,23385
2186,23385
2187,23385
2188,23385
2189,23385
2190,23385
2191,23385
2192,23385
2193,23385
2194,23385
2195,23385
2196,23385
2197,23385
2198,23385
2199,23385
2200,23385
2201,23385
2202,23385
2203,23385
2204,23385
2205,23385
2206,23385
2207,23385
2208,23385
2209,23385
2210,23385
2211,23385
2212,23385
2213,23385
2214,23385
2215,23385
2216,23385
2217,23385
2218,23385
2219,23385
2220,23385
2221,23385
2222,23385
2223,23385
2224,23385
2225,23385
2226,23385
2227,23385
2228,23385
2229,23385
2230,23385
2231,23385
2232,23385
2233,23385
2234,23385
2235,23385
2236,23385
2237,23385
2238,23385
2239,23385
2240,23385
2241,23385
2242,23385
2243,23385
2244,23385
2245,23385
2246,23385
2247,23385
2248,23385
2249,23385
2250,23385
2251,23385
2252,23385
2253,23385
2254,23385
2255,23385
2256,23385
2257,21195
2258,21195
2259,21195
2260,21195
2261,21195
2262,21195
2263,21195
2264,21195
2265,21195
2266,21195
2267,21195
2268,21195
2269,21195
2270,21195
2271,21195
2272,21195
2273,21195
2274,21195
2275,21195
2276,21195
2277,21195
2278,21195
2279,21195
2280,21195
2281,21195
2282,21195
2283,21195
2284,21195
2285,21195
2286,21195
2287,21195
2288,21195
2289,21195
2290,21195
2291,21195
2292,21195
2293,20169
2294,20169
2295,20169
2296,20169
2297,20169
2298,20169
2299,20169
2300,20169
2301,20169
2302,20169
2303,20169
2304,20169
2305,20169
2306,20169
2307,20169
2308,20169
2309,20169
2310,20169
2311,20169
2312,20169
2313,20169
2314,20169
2315,20169
2316,20169
2317,20169
2318,20169
2319,20169
2320,20169
2321,20169
2322,20169
2323,20169
2324,20169
2325,20169
2326,20169
2327,20169
2328,20169
2329,20169
2330,20169
2331,20169
2332,20169
2333,20169
2334,20169
2335,20169
2336,20169
2337,20169
2338,20169
2339,20169
2340,20169
2341,20169
2342,20169
2343,20169
2344,20169
2345,20169
2346,20169
2347,20169
2348,20169
2349,20169
2350,20169
2351,20169
2352,20169
2353,20169
2354,20169
2355,20169
2356,20169
2357,20169
2358,20169
2359,20169
2360,20169
2361,20169
2362,20169
2363,20169
2364,20169
2365,20169
2366,20169
2367,20169
2368,20169
2369,20169
2370,20169
2371,20169
2372,20169
2373,20169
2374,20169
2375,20169
2376,20169
2377,20169
2378,20169
2379,20169
2380,20169
2381,20169
2382,20169
2383,20169
2384,20169
2385,20169
2386,20169
2387,20169
2388,20169
2389,20169
2390,20169
2391,20169
2392,20169
2393,20169
2394,20169
2395,20169
2396,20169
2397,20169
2398,20169
2399,20169
2400,20169
2401,20169
2402,20169
2403,20169
2404,20169
2405,20169
2406,20169
2407,20169
2408,20169
2409,20169
2410,20169
2411,20169
2412,20169
2413,20169
2414,20169
2415,20169
2416,20447
2417,20447
2418,20447
2419,20447
2420,20447
2421,20447
2422,20447
2423,20447
2424,20447
2425,20447
2426,20447
2427,20447
2428,20447
2429,20447
2430,20447
2431,20447
2432,20447
2433,20447
2434,20447
2435,20447
2436,20447
2437,20447
2438,20447
2439,20447
2440,20447
2441,20447
2442,20447
2443,20447
2444,20447
2445,20447
2446,20447
2447,20447
2448,20447
2449,20447
2450,20447
2451,20447
2452,20447
2453,20447
2454,20447
2455,20447
2456,20447
2457,20447
2458,20447
2459,20447
2460,20447
2461,20447
2462,20447
2463,20447
2464,20447
2465,20447
2466,20447
2467,20447
2468,20447
2469,20447
2470,20447
2471,20447
2472,20447
2473,20447
2474,20447
2475,20447
2476,20447
2477,20447
2478,20447
2479,20447
2480,20447
2481,20447
2482,20447
2483,20447
2484,20447
2485,20447
2486,20447
2487,20447
2488,20447
2489,20447
2490,20447
2491,20447
2492,20447
2493,20447
2494,20447
2495,20447
2496,20447
2497,20447
2498,20447
2499,20447
2500,20447
2501,20447
2502,20447
2503,20447
2504,20447
2505,20447
2506,20447
2507,20447
2508,20447
2509,20447
2510,20447
2511,20447
2512,20447
2513,20447
2514,20447
2515,20447
2516,20447
2517,20447
2518,20447
2519,20447
2520,20447
2521,20447
2522,20447
2523,20447
2524,20447
2525,20447
2526,20447
2527,20447
2528,20447
2529,20447
2530,20447
2531,20447
2532,22237
2533,22237
2534,22237
2535,22237
2536,22237
2537,22237
2538,22237
2539,22237
2540,22237
2541,22237
2542,22237
2543,22237
2544,22237
2545,22237
2546,22237
2547,22237
2548,22237
2549,22237
2550,22237
2551,22237
2552,22237
2553,22237
2554,22237
2555,22237
2556,22237
2557,22237
2558,22237
2559,22237
2560,22237
2561,22237
2562,22237
2563,22237
2564,22237
2565,22237
2566,22237
2567,22237
2568,22237
2569,22237
2570,22237
2571,22237
2572,22237
2573,22237
2574,22237
2575,22237
2576,22237
2577,22237
2578,22237
2579,22237
2580,22237
2581,22237
2582,22237
2583,22237
2584,22237
2585,22237
2586,22237
2587,22237
2588,22237
2589,22237
2590,22237
2591,22237
2592,22237
2593,22237
2594,22237
2595,22237
2596,22237
2597,22237
2598,22237
2599,22237
2600,22237
2601,22237
2602,22237
2603,22237
2604,22237
2605,22237
2606,22237
2607,22237
2608,22237
2609,22237
2610,22237
2611,22237
2612,22237
2613,22237
2614,22237
2615,22237
2616,22237
2617,22237
2618,22237
2619,22237
2620,22237
2621,22237
2622,22237
2623,22237
2624,22237
2625,22237
2626,22237
2627,22237
2628,22237
2629,22237
2630,22237
2631,22237
2632,22237
2633,22237
2634,22237
2635,22237
2636,22237
2637,22237
2638,22237
2639,22237
2640,22237
2641,22237
2642,22237
2643,22237
2644,22237
2645,22237
2646,22237
2647,22237
2648,22237
2649,22237
2650,22237
2651,22237
2652,22237
2653,22237
2654,22237
2655,22237
2656,22237
2657,22237
2658,22237
2659,22237
2660,22237
2661,22237
2662,22237
2663,22237
2664,22237
2665,22237
2666,22237
2667,22237
2668,22237
2669,22237
2670,22237
2671,22237
2672,22237
2673,22237
2674,22237
2675,22237
2676,22237
2677,22237
2678,22237
2679,22237
2680,22237
2681,22237
2682,22237
2683,22237
2684,22237
2685,22237
2686,22237
2687,22237
2688,22237
2689,22237
2690,22237
2691,22237
2692,22237
2693,22237
2694,22237
2695,22237
2696,22237
2697,22237
2698,22237
2699,22237
2700,22237
2701,22237
2702,24999
2703,24999
2704,24999
2705,24999
2706,24999
2707,24999
2708,24999
2709,24999
2710,24999
2711,24999
2712,24999
2713,24999
2714,24999
2715,24999
2716,24999
2717,24999
2718,24999
2719,24999
2720,24999
2721,24999
2722,24999
2723,24999
2724,24999
2725,24999
2726,24999
2727,24999
2728,24999
2729,24999
2730,24999
2731,24999
2732,24999
2733,24999
2734,24999
2735,24999
2736,24999
2737,24999
2738,24999
2739,24999
2740,24999
2741,24999
2742,24999
2743,24999
2744,24999
2745,24999
2746,24999
2747,24999
2748,24999
2749,24999
2750,24999
2751,24999
2752,24999
2753,24999
2754,24999
2755,24999
2756,24999
2757,24999
2758,24999
2759,24999
2760,24999
2761,24999
2762,24999
2763,24999
2764,24999
2765,24999
2766,24999
2767,24999
2768,24999
2769,24999
2770,24999
2771,24999
2772,24999
2773,24999
2774,24999
2775,24999
2776,24999
2777,24999
2778,24999
2779,24999
2780,24999
2781,24999
2782,24999
2783,24999
2784,24999
2785,24999
2786,24999
2787,24999
2788,24999
2789,24999
2790,24999
2791,24999
2792,24999
2793,24999
2794,24999
2795,24999
2796,24999
2797,24999
2798,24999
2799,24999
2800,24999
2801,24999
2802,24999
2803,24999
2804,24999
2805,24999
2806,24999
2807,24999
2808,24999
2809,24999
2810,24999
2811,24999
2812,24999
2813,24999
2814,24999
2815,24999
2816,24999
2817,24999
2818,24999
2819,24999
2820,24999
2821,24999
2822,24999
2823,24999
2824,24999
2825,24999
2826,24999
2827,24999
2828,24999
2829,24999
2830,24999
2831,24999
2832,24999
2833,24999
2834,24999
2835,24999
2836,24999
2837,24999
2838,24999
2839,24999
2840,24999
2841,24999
2842,24999
2843,24999
2844,24999
2845,24999
2846,24999
2847,24999
2848,24999
2849,24999
2850,24999
2851,24999
2852,24999
2853,24999
2854,24999
2855,24999
2856,24999
2857,24999
2858,24999
2859,24999
2860,24999
2861,24999
2862,24999
2863,24999
2864,24999
2865,24999
2866,24999
2867,24999
2868,24999
2869,24999
2870,24999
2871,24999
2872,24999
2873,24999
2874,24999
2875,24999
2876,24999
2877,24999
2878,24999
2879,24999
2880,24999
2881,24999
2882,24999
2883,24999
2884,24999
2885,24999
2886,24999
2887,24999
2888,24999
2889,24999
2890,24999
2891,24999
2892,24999
2893,24999
2894,24999
2895,24999
2896,24999
2897,24999
2898,24999
2899,24999
2900,24999
2901,24999
2902,24999
2903,24999
2904,24999
2905,24999
2906,28731
2907,28731
2908,28731
2909,28731
2910,28731
2911,28731
2912,28731
2913,28731
2914,28731
2915,28731
2916,28731
2917,28731
2918,28731
2919,28731
2920,28731
2921,28731
2922,28731
2923,28731
2924,28731
2925,28731
2926,28731
2927,28731
2928,28731
2929,28731
2930,28731
2931,28731
2932,28731
2933,28731
2934,28731
2935,28731
2936,28731
2937,28731
2938,28731
2939,28731
2940,28731
2941,28731
2942,28731
2943,28731
2944,28731
2945,28731
2946,28731
2947,28731
2948,28731
2949,28731
2950,28731
2951,28731
2952,28731
2953,28731
2954,28731
2955,28731
2956,28731
2957,28731
2958,28731
2959,28731
2960,28731
2961,28731
2962,28731
2963,28731
2964,28731
2965,28731
2966,28731
2967,28731
2968,28731
2969,28731
2970,28731
2971,28731
2972,28731
2973,28731
2974,28731
2975,28731
2976,28731
2977,28731
2978,28731
2979,28731
2980,28731
2981,28731
2982,28731
2983,28731
2984,28731
2985,28731
2986,28731
2987,28731
2988,28731
2989,28731
2990,28731
2991,28731
2992,28731
2993,28731
2994,28731
2995,28731
2996,28731
2997,28731
2998,28731
2999,28731
3000,28731
3001,28731
3002,28731
3003,28731
3004,28731
3005,28731
3006,28731
3007,28731
3008,28731
3009,28731
3010,28731
3011,28731
3012,28731
3013,28731
3014,28731
3015,28731
3016,28731
3017,28731
3018,28731
3019,28731
3020,28731
3021,28731
3022,28731
3023,28731
3024,28731
3025,28731
3026,28731
3027,28731
3028,28731
3029,28731
3030,28731
3031,28731
3032,28731
3033,28731
3034,28731
3035,28731
3036,28731
3037,28731
3038,28731
3039,28731
3040,28731
3041,28731
3042,28731
3043,28731
3044,28731
3045,28731
3046,28731
3047,28731
3048,28731
3049,28731
3050,28731
3051,28731
3052,28731
3053,28731
3054,28731
3055,28731
3056,28731
3057,28731
3058,28731
3059,28731
3060,28731
3061,28731
3062,28731
3063,28731
3064,28731
3065,28731
3066,28731
3067,28731
3068,28731
3069,28731
3070,28731
3071,28731
3072,28731
3073,28731
3074,28731
3075,28731
3076,28731
3077,28731
3078,28731
3079,28731
3080,28731
3081,28731
3082,28731
3083,28731
3084,28731
3085,28731
3086,28731
3087,28731
3088,28731
3089,28731
3090,28731
3091,28731
3092,28731
3093,28731
3094,28731
3095,28731
3096,28731
3097,28731
3098,28731
3099,28731
3100,28731
3101,28731
3102,28731
3103,28731
3104,28731
3105,28731
3106,28731
3107,28731
3108,28731
3109,28731
3110,28731
3111,28731
3112,28731
3113,28731
3114,28731
3115,28731
3116,28731
3117,28731
3118,28731
3119,28731
3120,28731
3121,28731
3122,28731
3123,28731
3124,28731
3125,28731
3126,28731
3127,28731
3128,28731
3129,28731
3130,28731
3131,28731
3132,28731
3133,28731
3134,28731
3135,28731
3136,28731
3137,28731
3138,28731
3139,28731
3140,26991
3141,26991
3142,26991
3143,26991
3144,26991
3145,26991
3146,26991
3147,26991
3148,26991
3149,26991
3150,26991
3151,26991
3152,26991
3153,26991
3154,26991
3155,26991
3156,26991
3157,26991
3158,26991
3159,26991
3160,26991
3161,26991
3162,26991
3163,26991
3164,26991
3165,26991
3166,26991
3167,26991
3168,26991
3169,26991
3170,26991
3171,26991
3172,26991
3173,26991
3174,26991
3175,26991
3176,26991
3177,26991
3178,26991
3179,26991
3180,26991
3181,26991
3182,26991
3183,26991
3184,26991
3185,26991
3186,26991
3187,26991
3188,26991
3189,26991
3190,26991
3191,26991
3192,26991
3193,26991
3194,26991
3195,26991
3196,26991
3197,26991
3198,26991
3199,26991
3200,26991
3201,26991
3202,26991
3203,26991
3204,26991
3205,26991
3206,26991
3207,26991
3208,26991
3209,26991
3210,26991
3211,26991
3212,26991
3213,26991
3214,26991
3215,26991
3216,26991
3217,26991
3218,26991
3219,26991
3220,26991
3221,26991
3222,26991
3223,26991
3224,26991
3225,26991
3226,26991
3227,26991
3228,26991
3229,26991
3230,26991
3231,26991
3232,26991
3233,26991
3234,26991
3235,26991
3236,26991
3237,26991
3238,26991
3239,26991
3240,26991
3241,26991
3242,26991
3243,26991
3244,26991
3245,26991
3246,26991
3247,26991
3248,26991
3249,26991
3250,26991
3251,26991
3252,26991
3253,26991
3254,26991
3255,26991
3256,26991
3257,26991
3258,26991
3259,26991
3260,26991
3261,26991
3262,26991
3263,26991
3264,26991
3265,26991
3266,26991
3267,26991
3268,26991
3269,26991
3270,26991
3271,26991
3272,26991
3273,26991
3274,26991
3275,26991
3276,26991
3277,26991
3278,26991
3279,26991
3280,26991
3281,26991
3282,26991
3283,26991
3284,26991
3285,26991
3286,26991
3287,26991
3288,26991
3289,26991
3290,26991
3291,26991
3292,26991
3293,26991
3294,26991
3295,26991
3296,26991
3297,23365
3298,23365
3299,23365
3300,23365
3301,23365
3302,23365
3303,23365
3304,23365
3305,23365
3306,23365
3307,23365
3308,23365
3309,23365
3310,23365
3311,23365
3312,23365
3313,23365
3314,23365
3315,23365
3316,23365
3317,23365
3318,23365
3319,23365
3320,23365
3321,23365
3322,23365
3323,23365
3324,23365
3325,23365
3326,23365
3327,23365
3328,23365
3329,23365
3330,23365
3331,23365
3332,23365
3333,23365
3334,23365
3335,23365
3336,23365
3337,23365
3338,23365
3339,23365
3340,23365
3341,23365
3342,23365
3343,23365
3344,23365
3345,23365
3346,23365
3347,23365
3348,23365
3349,23365
3350,23365
3351,23365
3352,23365
3353,23365
3354,23365
3355,23365
3356,23365
3357,23365
3358,23365
3359,23365
3360,23365
3361,23365
3362,23365
3363,23365
3364,23365
3365,23365
3366,23365
3367,23365
3368,23365
3369,23365
3370,23365
3371,23365
3372,23365
3373,23365
3374,23365
3375,23365
3376,23365
3377,23365
3378,23365
3379,23365
3380,23365
3381,23365
3382,23365
3383,23365
3384,23365
3385,23365
3386,23365
3387,23365
3388,23365
3389,23365
3390,23365
3391,23365
3392,23365
3393,23365
3394,23365
3395,23365
3396,23365
3397,23365
3398,23365
3399,23365
3400,23365
3401,23365
3402,21175
3403,21175
3404,21175
3405,21175
3406,21175
3407,21175
3408,21175
3409,21175
3410,21175
3411,21175
3412,21175
3413,21175
3414,21175
3415,21175
3416,21175
3417,21175
3418,21175
3419,21175
3420,21175
3421,21175
3422,21175
3423,21175
3424,21175
3425,21175
3426,21175
3427,21175
3428,21175
3429,21175
3430,21175
3431,21175
3432,21175
3433,21175
3434,21175
3435,21175
3436,21175
3437,21175
3438,21175
3439,21175
3440,21175
3441,21175
3442,21175
3443,21175
3444,21175
3445,21175
3446,21175
3447,21175
3448,21175
3449,21175
3450,21175
3451,21175
3452,21175
3453,21175
3454,21175
3455,21175
3456,21175
3457,21175
3458,21175
3459,21175
3460,21175
3461,21175
3462,21175
3463,21175
3464,21175
3465,21175
3466,21175
3467,21175
3468,21175
3469,21175
3470,21175
3471,21175
3472,21175
3473,21175
3474,21175
3475,21175
3476,21175
3477,21175
3478,21175
3479,21175
3480,21175
3481,21175
3482,21175
3483,21175
3484,21175
3485,21175
3486,21175
3487,21175
3488,21175
3489,21175
3490,21175
3491,21175
3492,21175
3493,21175
3494,21175
3495,21175
3496,21175
3497,21175
3498,21175
3499,21175
3500,21175
3501,21175
3502,21175
3503,21175
3504,21175
3505,21175
3506,21175
3507,21175
3508,21175
3509,21175
3510,21175
3511,21175
3512,21175
3513,21175
3514,21175
3515,21175
3516,21175
3517,21175
3518,21175
3519,21175
3520,21175
3521,21175
3522,21175
3523,21175
3524,21175
3525,21175
3526,21175
3527,21175
3528,21175
3529,21175
3530,21175
3531,21175
3532,21175
3533,21175
3534,21175
3535,21175
3536,21175
3537,21175
3538,21175
3539,21175
3540,21175
3541,21175
3542,21175
3543,21175
3544,21175
3545,21175
3546,21175
3547,21175
3548,21175
3549,21175
3550,21175
3551,21175
3552,21175
3553,21175
3554,21175
3555,21175
3556,21175
3557,21175
3558,21175
3559,21175
3560,21175
3561,21175
3562,21175
3563,21175
3564,21175
3565,21175
3566,21175
3567,21175
3568,21175
3569,21175
3570,21175
3571,21175
3572,21175
3573,21175
3574,21175
3575,21175
3576,21175
3577,21175
3578,21175
3579,21175
3580,21175
3581,21175
3582,21175
3583,21175
3584,21175
3585,21175
3586,21175
3587,21175
3588,21175
3589,21175
3590,21175
3591,21175
3592,21175
3593,21175
3594,21175
3595,21175
3596,21175
3597,21175
3598,21175
3599,21175
3600,21175
3601,21175
3602,21175
3603,21175
3604,21175
3605,21175
3606,21175
3607,21175
3608,21175
3609,21175
3610,21175
3611,21175
3612,21175
3613,21175
3614,21175
3615,21175
3616,21175
3617,21175
3618,21175
3619,21175
3620,21175
3621,21175
3622,21175
3623,21175
3624,21175
3625,21175
3626,21175
3627,21175
3628,21175
3629,21175
3630,21175
3631,21175
3632,21175
3633,21175
3634,21175
3635,21175
3636,21175
3637,20149
3638,20149
3639,20149
3640,20149
3641,20149
3642,20149
3643,20149
3644,20149
3645,20149
3646,20149
3647,20149
3648,20149
3649,20149
3650,20149
3651,20149
3652,20149
3653,20149
3654,20149
3655,20149
3656,20149
3657,20149
3658,20149
3659,20149
3660,20149
3661,20149
3662,20149
3663,20149
3664,20149
3665,20149
3666,20149
3667,20149
3668,20149
3669,20149
3670,20149
3671,20149
3672,20149
3673,20149
3674,20149
3675,20149
3676,20149
3677,20149
3678,20149
3679,20149
3680,20149
3681,20149
3682,20149
3683,20149
3684,20149
3685,20149
3686,20149
3687,20149
3688,20149
3689,20149
3690,20149
3691,20149
3692,20149
3693,20149
3694,20149
3695,20149
3696,20149
3697,20149
3698,20149
3699,20149
3700,20149
3701,20149
3702,20149
3703,20149
3704,20149
3705,20149
3706,20149
3707,20149
3708,20149
3709,20149
3710,20149
3711,20149
3712,20149
3713,20149
3714,20149
3715,20149
3716,20149
3717,20149
3718,20149
3719,20149
3720,20149
3721,20149
3722,20149
3723,20149
3724,20149
3725,20149
3726,20149
3727,20149
3728,20149
3729,20149
3730,20149
3731,20149
3732,20149
3733,20149
3734,20149
3735,20149
3736,20149
3737,20149
3738,20149
3739,20149
3740,20149
3741,20149
3742,20149
3743,20149
3744,20149
3745,20149
3746,20149
3747,20149
3748,20149
3749,20149
3750,20149
3751,20149
3752,20149
3753,20149
3754,20149
3755,20149
3756,20149
3757,20149
3758,20149
3759,20149
3760,20149
3761,20427
3762,20427
3763,20427
3764,20427
3765,20427
3766,20427
3767,20427
3768,20427
3769,20427
3770,20427
3771,20427
3772,20427
3773,20427
3774,20427
3775,20427
3776,20427
3777,20427
3778,20427
3779,20427
3780,20427
3781,20427
3782,20427
3783,20427
3784,20427
3785,20427
3786,20427
3787,20427
3788,20427
3789,20427
3790,20427
3791,20427
3792,20427
3793,20427
3794,20427
3795,20427
3796,20427
3797,20427
3798,20427
3799,20427
3800,20427
3801,20427
3802,20427
3803,20427
3804,20427
3805,20427
3806,20427
3807,20427
3808,20427
3809,20427
3810,20427
3811,20427
3812,20427
3813,20427
3814,20427
3815,20427
3816,20427
3817,20427
3818,20427
3819,20427
3820,20427
3821,20427
3822,20427
3823,20427
3824,20427
3825,20427
3826,20427
3827,20427
3828,20427
3829,20427
3830,20427
3831,20427
3832,20427
3833,20427
3834,20427
3835,20427
3836,20427
3837,20427
3838,20427
3839,20427
3840,20427
3841,20427
3842,20427
3843,20427
3844,20427
3845,20427
3846,20427
3847,20427
3848,20427
3849,20427
3850,20427
3851,20427
3852,20427
3853,20427
3854,20427
3855,20427
3856,20427
3857,20427
3858,20427
3859,20427
3860,20427
3861,20427
3862,20427
3863,20427
3864,20427
3865,20427
3866,20427
3867,20427
3868,20427
3869,20427
3870,20427
3871,20427
3872,20427
3873,20427
3874,20427
3875,20427
3876,20427
3877,20427
3878,20427
3879,20427
3880,20427
3881,20427
3882,20427
3883,20427
3884,20427
3885,20427
3886,20427
3887,20427
3888,20427
3889,20427
3890,20427
3891,20427
3892,20427
3893,20427
3894,20427
3895,20427
3896,20427
3897,22217
3898,22217
3899,22217
3900,22217
3901,22217
3902,22217
3903,22217
3904,22217
3905,22217
3906,22217
3907,22217
3908,22217
3909,22217
3910,22217
3911,22217
3912,22217
3913,22217
3914,22217
3915,22217
3916,22217
3917,22217
3918,22217
3919,22217
3920,22217
3921,22217
3922,22217
3923,22217
3924,22217
3925,22217
3926,22217
3927,22217
3928,22217
3929,22217
3930,22217
3931,22217
3932,22217
3933,22217
3934,22217
3935,22217
3936,22217
3937,22217
3938,22217
3939,22217
3940,22217
3941,22217
3942,22217
3943,22217
3944,22217
3945,22217
3946,22217
3947,22217
3948,22217
3949,22217
3950,22217
3951,22217
3952,22217
3953,22217
3954,22217
3955,22217
3956,22217
3957,22217
3958,22217
3959,22217
3960,22217
3961,22217
3962,22217
3963,22217
3964,22217
3965,22217
3966,22217
3967,22217
3968,22217
3969,22217
3970,22217
3971,22217
3972,22217
3973,22217
3974,22217
3975,22217
3976,22217
3977,22217
3978,22217
3979,22217
3980,22217
3981,22217
3982,22217
3983,22217
3984,22217
3985,22217
3986,22217
3987,22217
3988,22217
3989,22217
3990,22217
3991,22217
3992,22217
3993,22217
3994,22217
3995,22217
3996,22217
3997,22217
3998,22217
3999,22217
4000,22217
4001,22217
4002,22217
4003,22217
4004,22217
4005,22217
4006,22217
4007,22217
4008,22217
4009,22217
4010,22217
4011,22217
4012,22217
4013,22217
4014,22217
4015,22217
4016,22217
4017,22217
4018,22217
4019,22217
4020,22217
4021,22217
4022,22217
4023,22217
4024,22217
4025,22217
4026,22217
4027,22217
4028,22217
4029,22217
4030,22217
4031,22217
4032,22217
4033,22217
4034,22217
4035,22217
4036,22217
4037,22217
4038,22217
4039,22217
4040,22217
4041,22217
4042,22217
4043,22217
4044,22217
4045,22217
4046,22217
4047,22217
4048,22217
4049,22217
4050,22217
4051,22217
4052,22217
4053,22217
4054,22217
4055,22217
4056,22217
4057,22217
4058,22217
4059,22217
4060,22217
4061,22217
4062,22217
4063,22217
4064,22217
4065,22217
4066,22217
4067,22217
4068,22217
4069,22217
4070,22217
4071,22217
4072,22217
4073,22217
4074,22217
4075,22217
4076,22217
4077,22217
4078,22217
4079,22217
4080,22217
4081,22217
4082,22217
4083,22217
4084,22217
4085,22217
4086,22217
4087,22217
4088,22217
4089,22217
4090,22217
4091,22217
4092,22217
4093,22217
4094,22217
4095,22217
4096,22217
4097,22217
4098,22217
4099,22217
4100,22217
4101,22217
4102,22217
4103,22217
4104,22217
4105,22217
4106,22217
4107,22217
4108,22217
4109,22217
4110,22217
4111,22217
4112,22217
4113,22217
4114,22217
4115,22217
4116,22217
4117,22217
4118,22217
4119,22217
4120,22217
4121,22217
4122,22217
4123,22217
4124,22217
4125,22217
4126,22217
4127,22217
4128,22217
4129,22217
4130,22217
4131,22217
4132,24979
4133,24979
4134,24979
4135,24979
4136,24979
4137,24979
4138,24979
4139,24979
4140,24979
4141,24979
4142,24979
4143,24979
4144,24979
4145,24979
4146,24979
4147,24979
4148,24979
4149,24979
4150,24979
4151,24979
4152,24979
4153,24979
4154,24979
4155,24979
4156,24979
4157,24979
4158,24979
4159,24979
4160,24979
4161,24979
4162,24979
4163,24979
4164,24979
4165,24979
4166,24979
4167,24979
4168,24979
4169,24979
4170,24979
4171,24979
4172,24979
4173,24979
4174,24979
4175,24979
4176,24979
4177,24979
4178,24979
4179,24979
4180,24979
4181,24979
4182,24979
4183,24979
4184,24979
4185,24979
4186,24979
4187,24979
4188,24979
4189,24979
4190,24979
4191,24979
4192,24979
4193,24979
4194,24979
4195,24979
4196,24979
4197,24979
4198,24979
4199,24979
4200,24979
4201,24979
4202,24979
4203,24979
4204,24979
4205,24979
4206,24979
4207,24979
4208,24979
4209,24979
4210,24979
4211,24979
4212,24979
4213,24979
4214,24979
4215,24979
4216,24979
4217,24979
4218,24979
4219,24979
4220,24979
4221,24979
4222,24979
4223,24979
4224,24979
4225,24979
4226,24979
4227,24979
4228,24979
4229,24979
4230,24979
4231,24979
4232,24979
4233,24979
4234,24979
4235,24979
4236,24979
4237,24979
4238,24979
4239,24979
4240,24979
4241,24979
4242,24979
4243,24979
4244,24979
4245,24979
4246,24979
4247,24979
4248,24979
4249,24979
4250,24979
4251,24979
4252,24979
4253,24979
4254,24979
4255,24979
4256,24979
4257,24979
4258,24979
4259,24979
4260,24979
4261,24979
4262,24979
4263,24979
4264,24979
4265,24979
4266,24979
4267,24979
4268,24979
4269,24979
4270,24979
4271,24979
4272,24979
4273,24979
4274,24979
4275,24979
4276,24979
4277,24979
4278,24979
4279,24979
4280,24979
4281,24979
4282,24979
4283,24979
4284,24979
4285,24979
4286,24979
4287,24979
4288,24979
4289,24979
4290,24979
4291,24979
4292,24979
4293,24979
4294,24979
4295,24979
4296,24979
4297,24979
4298,24979
4299,24979
4300,24979
4301,24979
4302,24979
4303,24979
4304,24979
4305,24979
4306,24979
4307,24979
4308,24979
4309,24979
4310,24979
4311,24979
4312,24979
4313,24979
4314,24979
4315,24979
4316,24979
4317,24979
4318,24979
4319,24979
4320,24979
4321,24979
4322,24979
4323,24979
4324,24979
4325,24979
4326,24979
4327,24979
4328,24979
4329,24979
4330,24979
4331,24979
4332,24979
4333,24979
4334,24979
4335,24979
4336,24979
4337,24979
4338,24979
4339,24979
4340,24979
4341,24979
4342,24979
4343,24979
4344,24979
4345,24979
4346,24979
4347,24979
4348,24979
4349,24979
4350,24979
4351,24979
4352,24979
4353,24979
4354,24979
4355,28711
4356,28711
4357,28711
4358,28711
4359,28711
4360,28711
4361,28711
4362,28711
4363,28711
4364,28711
4365,28711
4366,28711
4367,28711
4368,28711
4369,28711
4370,28711
4371,28711
4372,28711
4373,28711
4374,28711
4375,28711
4376,28711
4377,28711
4378,28711
4379,28711
4380,28711
4381,28711
4382,28711
4383,28711
4384,28711
4385,28711
4386,28711
4387,28711
4388,28711
4389,28711
4390,28711
4391,28711
4392,28711
4393,28711
4394,28711
4395,28711
4396,28711
4397,28711
4398,28711
4399,28711
4400,28711
4401,28711
4402,28711
4403,28711
4404,28711
4405,28711
4406,28711
4407,28711
4408,28711
4409,28711
4410,28711
4411,28711
4412,28711
4413,28711
4414,28711
4415,28711
4416,28711
4417,28711
4418,28711
4419,28711
4420,28711
4421,28711
4422,28711
4423,28711
4424,28711
4425,28711
4426,28711
4427,28711
4428,28711
4429,28711
4430,28711
4431,28711
4432,28711
4433,28711
4434,28711
4435,28711
4436,28711
4437,28711
4438,28711
4439,28711
4440,28711
4441,28711
4442,28711
4443,28711
4444,28711
4445,28711
4446,28711
4447,28711
4448,28711
4449,28711
4450,28711
4451,28711
4452,28711
4453,28711
4454,28711
4455,28711
4456,28711
4457,28711
4458,28711
4459,28711
4460,28711
4461,28711
4462,28711
4463,28711
4464,28711
4465,28711
4466,28711
4467,28711
4468,28711
4469,28711
4470,28711
4471,28711
4472,28711
4473,28711
4474,28711
4475,28711
4476,28711
4477,28711
4478,28711
4479,28711
4480,28711
4481,28711
4482,28711
4483,28711
4484,28711
4485,28711
4486,28711
4487,28711
4488,28711
4489,28711
4490,28711
4491,28711
4492,28711
4493,28711
4494,28711
4495,28021
4496,28021
4497,28021
4498,28021
4499,28021
4500,28021
4501,28021
4502,28021
4503,28021
4504,28021
4505,28021
4506,28021
4507,28021
4508,28021
4509,28021
4510,28021
4511,28021
4512,28021
4513,28021
4514,28021
4515,28021
4516,28021
4517,28021
4518,28021
4519,28021
4520,28021
4521,28021
4522,28021
4523,28021
4524,28021
4525,28021
4526,28021
4527,28021
4528,28021
4529,28021
4530,28021
4531,28021
4532,28021
4533,28021
4534,28021
4535,28021
4536,28021
4537,28021
4538,28021
4539,28021
4540,28021
4541,28021
4542,28021
4543,28021
4544,28021
4545,28021
4546,28021
4547,28021
4548,28021
4549,28021
4550,28021
4551,28021
4552,28021
4553,28021
4554,28021
4555,28021
4556,28021
4557,28021
4558,28021
4559,28021
4560,28021
4561,28021
4562,28021
4563,28021
4564,28021
4565,28021
4566,28021
4567,28021
4568,28021
4569,28021
4570,28021
4571,28021
4572,28021
4573,28021
4574,28021
4575,28021
4576,28021
4577,28021
4578,28021
4579,28021
4580,28021
4581,28021
4582,28021
4583,28021
4584,28021
4585,28021
4586,28021
4587,28021
4588,28021
4589,28021
4590,28021
4591,28021
4592,28021
4593,28021
4594,28021
4595,28021
4596,28021
4597,28021
4598,28021
4599,28021
4600,28021
4601,28021
4602,28021
4603,28021
4604,28021
4605,28021
4606,28021
4607,28021
4608,28021
4609,28021
4610,28021
4611,28021
4612,28021
4613,28021
4614,28021
4615,28021
4616,28021
4617,28021
4618,28021
4619,28021
4620,28021
4621,28021
4622,28021
4623,28021
4624,28021
4625,28021
4626,28021
4627,28021
4628,28021
4629,28021
4630,28021
4631,28021
4632,28021
4633,28021
4634,28021
4635,28021
4636,28021
4637,28021
4638,28021
4639,28021
4640,28021
4641,28021
4642,28021
4643,28021
4644,28021
4645,28021
4646,28021
4647,28021
4648,28021
4649,28021
4650,28021
4651,28021
4652,28021
4653,28021
4654,28021
4655,28021
4656,28021
4657,28021
4658,28021
4659,28021
4660,28021
4661,28021
4662,28021
4663,28021
4664,28021
4665,28021
4666,28021
4667,28021
4668,28021
4669,28021
4670,28021
4671,28021
4672,28021
4673,28021
4674,28021
4675,28021
4676,28021
4677,28021
4678,28021
4679,28021
4680,28021
4681,28021
4682,28021
4683,28021
4684,28021
4685,28021
4686,28021
4687,28021
4688,28021
4689,28021
4690,28021
4691,28021
4692,28021
4693,28021
4694,28021
4695,28021
4696,28021
4697,28021
4698,28021
4699,28021
4700,28021
4701,28021
4702,28021
4703,28021
4704,28021
4705,28021
4706,28021
4707,28021
4708,28021
4709,28021
4710,28021
4711,28021
4712,28021
4713,28021
4714,28021
4715,28021
4716,24395
4717,24395
4718,24395
4719,24395
4720,24395
4721,24395
4722,24395
4723,24395
4724,24395
4725,24395
4726,24395
4727,24395
4728,24395
4729,24395
4730,24395
4731,24395
4732,24395
4733,24395
4734,24395
4735,24395
4736,24395
4737,24395
4738,24395
4739,24395
4740,24395
4741,24395
4742,24395
4743,24395
4744,24395
4745,24395
4746,24395
4747,24395
4748,24395
4749,24395
4750,24395
4751,24395
4752,24395
4753,24395
4754,24395
4755,24395
4756,24395
4757,24395
4758,24395
4759,24395
4760,24395
4761,24395
4762,24395
4763,24395
4764,24395
4765,24395
4766,24395
4767,24395
4768,24395
4769,24395
4770,24395
4771,24395
4772,24395
4773,24395
4774,24395
4775,24395
4776,24395
4777,24395
4778,24395
4779,24395
4780,24395
4781,24395
4782,24395
4783,24395
4784,24395
4785,24395
4786,24395
4787,24395
4788,24395
4789,24395
4790,24395
4791,24395
4792,24395
4793,24395
4794,24395
4795,24395
4796,24395
4797,24395
4798,24395
4799,24395
4800,24395
4801,24395
4802,24395
4803,24395
4804,24395
4805,24395
4806,24395
4807,24395
4808,24395
4809,24395
4810,24395
4811,24395
4812,24395
4813,24395
4814,24395
4815,24395
4816,24395
4817,24395
4818,24395
4819,24395
4820,24395
4821,24395
4822,24395
4823,24395
4824,24395
4825,24395
4826,24395
4827,24395
4828,24395
4829,24395
4830,24395
4831,24395
4832,24395
4833,24395
4834,24395
4835,24395
4836,24395
4837,24395
4838,24395
4839,24395
4840,24395
4841,24395
4842,24395
4843,24395
4844,24395
4845,24395
4846,24395
4847,24395
4848,24395
4849,24395
4850,24395
4851,24395
4852,24395
4853,24395
4854,24395
4855,24395
4856,24395
4857,24395
4858,24395
4859,24395
4860,24395
4861,24395
4862,24395
4863,24395
4864,24395
4865,24395
4866,24395
4867,24395
4868,24395
4869,24395
4870,24395
4871,24395
4872,24395
4873,24395
4874,24395
4875,24395
4876,24395
4877,24395
4878,24395
4879,24395
4880,24395
4881,24395
4882,24395
4883,24395
4884,24395
4885,24395
4886,24395
4887,24395
4888,24395
4889,24395
4890,24395
4891,24395
4892,24395
4893,24395
4894,24395
4895,24395
4896,24395
4897,24395
4898,24395
4899,24395
4900,24395
4901,24395
4902,22205
4903,22205
4904,22205
4905,22205
4906,22205
4907,22205
4908,22205
4909,22205
4910,22205
4911,22205
4912,22205
4913,22205
4914,22205
4915,22205
4916,22205
4917,22205
4918,22205
4919,22205
4920,22205
4921,22205
4922,22205
4923,22205
4924,22205
4925,22205
4926,22205
4927,22205
4928,22205
4929,22205
4930,22205
4931,22205
4932,22205
4933,22205
4934,22205
4935,22205
4936,22205
4937,22205
4938,22205
4939,22205
4940,22205
4941,22205
4942,22205
4943,22205
4944,22205
4945,22205
4946,22205
4947,22205
4948,22205
4949,22205
4950,22205
4951,22205
4952,22205
4953,22205
4954,22205
4955,22205
4956,22205
4957,22205
4958,22205
4959,22205
4960,22205
4961,22205
4962,22205
4963,22205
4964,22205
4965,22205
4966,22205
4967,22205
4968,22205
4969,22205
4970,22205
4971,22205
4972,22205
4973,22205
4974,22205
4975,22205
4976,22205
4977,22205
4978,22205
4979,22205
4980,22205
4981,22205
4982,22205
4983,22205
4984,22205
4985,22205
4986,22205
4987,22205
4988,22205
4989,22205
4990,22205
4991,22205
4992,22205
4993,22205
4994,22205
4995,22205
4996,22205
4997,22205
4998,22205
4999,22205
5000,22205
5001,22205
5002,22205
5003,22205
5004,22205
5005,22205
5006,22205
5007,22205
5008,22205
5009,22205
5010,22205
5011,22205
5012,22205
5013,22205
5014,22205
5015,22205
5016,22205
5017,22205
5018,22205
5019,22205
5020,22205
5021,22205
5022,22205
5023,22205
5024,22205
5025,22205
5026,22205
5027,22205
5028,22205
5029,22205
5030,22205
5031,22205
5032,22205
5033,22205
5034,22205
5035,22205
5036,22205
5037,22205
5038,22205
5039,22205
5040,22205
5041,22205
5042,22205
5043,22205
5044,22205
5045,22205
5046,22205
5047,22205
5048,22205
5049,22205
5050,22205
5051,22205
5052,22205
5053,22205
5054,22205
5055,22205
5056,22205
5057,22205
5058,22205
5059,22205
5060,22205
5061,22205
5062,22205
5063,22205
5064,22205
5065,22205
5066,22205
5067,22205
5068,22205
5069,22205
5070,22205
5071,22205
5072,22205
5073,22205
5074,22205
5075,22205
5076,22205
5077,22205
5078,22205
5079,22205
5080,22205
5081,22205
5082,22205
5083,22205
5084,22205
5085,22205
5086,22205
5087,22205
5088,22205
5089,22205
5090,22205
5091,22205
5092,22205
5093,22205
5094,22205
5095,22205
5096,22205
5097,22205
5098,22205
5099,22205
5100,22205
5101,22205
5102,22205
5103,22205
5104,22205
5105,22205
5106,22205
5107,22205
5108,22205
5109,22205
5110,22205
5111,22205
5112,22205
5113,22205
5114,22205
5115,22205
5116,22205
5117,22205
5118,22205
5119,22205
5120,22205
5121,22205
5122,22205
5123,22205
5124,22205
5125,22205
5126,22205
5127,22205
5128,22205
5129,22205
5130,22205
5131,22205
5132,22205
5133,22205
5134,22205
5135,22205
5136,22205
5137,21179
5138,21179
5139,21179
5140,21179
5141,21179
5142,21179
5143,21179
5144,21179
5145,21179
5146,21179
5147,21179
5148,21179
5149,21179
5150,21179
5151,21179
5152,21179
5153,21179
5154,21179
5155,21179
5156,21179
5157,21179
5158,21179
5159,21179
5160,21179
5161,21179
5162,21179
5163,21179
5164,21179
5165,21179
5166,21179
5167,21179
5168,21179
5169,21179
5170,21179
5171,21179
5172,21179
5173,21179
5174,21179
5175,21179
5176,21179
5177,21179
5178,21179
5179,21179
5180,21179
5181,21179
5182,21179
5183,21179
5184,21179
5185,21179
5186,21179
5187,21179
5188,21179
5189,21179
5190,21179
5191,21179
5192,21179
5193,21179
5194,21179
5195,21179
5196,21179
5197,21179
5198,21179
5199,21179
5200,21179
5201,21179
5202,21179
5203,21179
5204,21179
5205,21179
5206,21179
5207,21179
5208,21179
5209,21179
5210,21179
5211,21179
5212,21179
5213,21179
5214,21179
5215,21179
5216,21179
5217,21179
5218,21179
5219,21179
5220,21179
5221,21179
5222,21179
5223,21179
5224,21179
5225,21179
5226,21179
5227,21179
5228,21179
5229,21179
5230,21179
5231,21179
5232,21179
5233,21179
5234,21179
5235,21179
5236,21179
5237,21179
5238,21179
5239,21179
5240,21179
5241,21179
5242,21179
5243,21179
5244,21179
5245,21179
5246,21179
5247,21179
5248,21179
5249,21179
5250,21179
5251,21179
5252,21179
5253,21179
5254,21179
5255,21179
5256,21179
5257,21179
5258,21179
5259,21179
5260,21179
5261,21179
5262,21179
5263,21179
5264,21179
5265,21179
5266,21179
5267,21179
5268,21179
5269,21179
5270,21179
5271,21179
5272,21179
5273,21179
5274,21179
5275,21179
5276,21179
5277,21179
5278,21179
5279,21179
5280,21457
5281,21457
5282,21457
5283,21457
5284,21457
5285,21457
5286,21457
5287,21457
5288,21457
5289,21457
5290,21457
5291,21457
5292,21457
5293,21457
5294,21457
5295,21457
5296,21457
5297,21457
5298,21457
5299,21457
5300,21457
5301,21457
5302,21457
5303,21457
5304,21457
5305,21457
5306,21457
5307,21457
5308,21457
5309,21457
5310,21457
5311,21457
5312,21457
5313,21457
5314,21457
5315,21457
5316,21457
5317,21457
5318,21457
5319,21457
5320,21457
5321,21457
5322,21457
5323,21457
5324,21457
5325,21457
5326,21457
5327,21457
5328,21457
5329,21457
5330,21457
5331,21457
5332,21457
5333,21457
5334,21457
5335,21457
5336,21457
5337,21457
5338,21457
5339,21457
5340,21457
5341,21457
5342,21457
5343,21457
5344,21457
5345,21457
5346,21457
5347,21457
5348,21457
5349,21457
5350,21457
5351,21457
5352,21457
5353,21457
5354,21457
5355,21457
5356,23247
5357,23247
5358,23247
5359,23247
5360,23247
5361,23247
5362,23247
5363,23247
5364,23247
5365,23247
5366,23247
5367,23247
5368,23247
5369,23247
5370,23247
5371,23247
5372,23247
5373,23247
5374,23247
5375,23247
5376,23247
5377,23247
5378,23247
5379,23247
5380,23247
5381,23247
5382,23247
5383,23247
5384,23247
5385,23247
5386,23247
5387,23247
5388,23247
5389,23247
5390,23247
5391,23247
5392,23247
5393,23247
5394,23247
5395,23247
5396,23247
5397,23247
5398,23247
5399,23247
5400,23247
5401,23247
5402,23247
5403,23247
5404,23247
5405,23247
5406,23247
5407,23247
5408,23247
5409,23247
5410,23247
5411,23247
5412,23247
5413,23247
5414,23247
5415,23247
5416,23247
5417,23247
5418,23247
5419,23247
5420,23247
5421,23247
5422,23247
5423,23247
5424,23247
5425,23247
5426,23247
5427,23247
5428,23247
5429,23247
5430,23247
5431,23247
5432,23247
5433,23247
5434,23247
5435,23247
5436,23247
5437,23247
5438,23247
5439,23247
5440,23247
5441,23247
5442,23247
5443,23247
5444,23247
5445,23247
5446,23247
5447,23247
5448,23247
5449,23247
5450,23247
5451,23247
5452,23247
5453,23247
5454,23247
5455,23247
5456,23247
5457,23247
5458,23247
5459,23247
5460,23247
5461,23247
5462,23247
5463,23247
5464,23247
5465,23247
5466,23247
5467,23247
5468,23247
5469,23247
5470,23247
5471,23247
5472,23247
5473,23247
5474,23247
5475,23247
5476,23247
5477,23247
5478,23247
5479,23247
5480,23247
5481,23247
5482,23247
5483,23247
5484,23247
5485,23247
5486,23247
5487,23247
5488,23247
5489,23247
5490,23247
5491,23247
5492,23247
5493,23247
5494,23247
5495,23247
5496,23247
5497,23247
5498,23247
5499,23247
5500,23247
5501,23247
5502,23247
5503,23247
5504,23247
5505,23247
5506,23247
5507,23247
5508,23247
5509,23247
5510,23247
5511,23247
5512,23247
5513,23247
5514,23247
5515,23247
5516,23247
5517,23247
5518,23247
5519,23247
5520,23247
5521,23247
5522,23247
5523,23247
5524,23247
5525,23247
5526,23247
5527,23247
5528,23247
5529,23247
5530,23247
5531,23247
5532,23247
5533,23247
5534,23247
5535,23247
5536,23247
5537,23247
5538,23247
5539,23247
5540,23247
5541,23247
5542,23247
5543,23247
5544,23247
5545,23247
5546,23247
5547,23247
5548,23247
5549,23247
5550,23247
5551,23247
5552,23247
5553,23247
5554,23247
5555,23247
5556,23247
5557,23247
5558,23247
5559,23247
5560,23247
5561,23247
5562,23247
5563,23247
5564,23247
5565,23247
5566,23247
5567,23247
5568,23247
5569,23247
5570,23247
5571,23247
5572,23247
5573,23247
5574,23247
5575,23247
5576,23247
5577,23247
5578,23247
5579,23247
5580,23247
5581,23247
5582,23247
5583,23247
5584,23247
5585,23247
5586,23247
5587,23247
5588,23247
5589,23247
5590,23247
5591,26009
5592,26009
5593,26009
5594,26009
5595,26009
5596,26009
5597,26009
5598,26009
5599,26009
5600,26009
5601,26009
5602,26009
5603,26009
5604,26009
5605,26009
5606,26009
5607,26009
5608,26009
5609,26009
5610,26009
5611,26009
5612,26009
5613,26009
5614,26009
5615,26009
5616,26009
5617,26009
5618,26009
5619,26009
5620,26009
5621,26009
5622,26009
5623,26009
5624,26009
5625,26009
5626,26009
5627,26009
5628,26009
5629,26009
5630,26009
5631,26009
5632,26009
5633,26009
5634,26009
5635,26009
5636,26009
5637,26009
5638,26009
5639,26009
5640,26009
5641,26009
5642,26009
5643,26009
5644,26009
5645,26009
5646,26009
5647,26009
5648,26009
5649,26009
5650,26009
5651,26009
5652,26009
5653,26009
5654,26009
5655,26009
5656,26009
5657,26009
5658,26009
5659,26009
5660,26009
5661,26009
5662,26009
5663,26009
5664,26009
5665,26009
5666,26009
5667,26009
5668,26009
5669,26009
5670,26009
5671,26009
5672,26009
5673,26009
5674,26009
5675,26009
5676,26009
5677,26009
5678,26009
5679,26009
5680,26009
5681,26009
5682,26009
5683,26009
5684,26009
5685,26009
5686,26009
5687,26009
5688,26009
5689,26009
5690,26009
5691,26009
5692,26009
5693,26009
5694,26009
5695,26009
5696,26009
5697,26009
5698,26009
5699,26009
5700,26009
5701,26009
5702,26009
5703,26009
5704,26009
5705,26009
5706,26009
5707,26009
5708,26009
5709,26009
5710,26009
5711,26009
5712,26009
5713,26009
5714,26009
5715,26009
5716,26009
5717,26009
5718,26009
5719,26009
5720,26009
5721,26009
5722,26009
5723,26009
5724,26009
5725,26009
5726,26009
5727,26009
5728,26009
5729,26009
5730,26009
5731,26009
5732,29741
5733,29741
5734,29741
5735,29741
5736,29741
5737,29741
5738,29741
5739,29741
5740,29741
5741,29741
5742,29741
5743,29741
5744,29741
5745,29741
5746,29741
5747,29741
5748,29741
5749,29741
5750,29741
5751,29741
5752,29741
5753,29741
5754,29741
5755,30291
5756,30291
5757,30291
5758,30291
5759,30291
5760,30291
5761,30291
5762,30291
5763,30291
5764,30291
5765,30291
5766,30291
5767,30291
5768,30291
5769,30291
5770,30291
5771,30291
5772,30291
5773,30291
5774,30291
5775,30291
5776,30291
5777,30291
5778,30291
5779,30291
5780,30291
5781,30291
5782,30291
5783,30291
5784,30291
5785,30291
5786,30291
5787,30291
5788,30291
5789,30291
5790,30291
5791,30291
5792,30291
5793,30291
5794,30291
5795,30291
5796,30291
5797,30291
5798,30291
5799,30291
5800,30291
5801,30291
5802,30291
5803,30291
5804,30291
5805,30291
5806,30291
5807,30291
5808,30291
5809,30291
5810,30291
5811,30291
5812,30291
5813,30291
5814,30291
5815,30291
5816,30291
5817,30291
5818,30291
5819,30291
5820,30291
5821,30291
5822,30291
5823,30291
5824,30291
5825,30291
5826,30291
5827,30291
5828,30291
5829,30291
5830,30291
5831,30291
5832,30291
5833,30291
5834,30291
5835,30291
5836,30291
5837,30291
5838,30291
5839,30291
5840,30291
5841,30291
5842,30291
5843,30291
5844,30291
5845,30291
5846,30291
5847,30291
5848,30291
5849,30291
5850,30291
5851,30291
5852,30291
5853,30291
5854,30291
5855,30291
5856,30291
5857,30291
5858,30291
5859,30291
5860,30291
5861,30291
5862,30291
5863,30291
5864,30291
5865,30291
5866,30291
5867,30291
5868,30291
5869,30291
5870,30291
5871,30291
5872,30291
5873,30291
5874,30291
5875,30291
5876,30291
5877,30291
5878,30291
5879,30291
5880,30291
5881,30291
5882,30291
5883,30291
5884,30291
5885,30291
5886,30291
5887,30291
5888,30291
5889,30291
5890,30291
5891,30291
5892,30291
5893,30291
5894,30291
5895,30291
5896,30291
5897,30291
5898,30291
5899,30291
5900,30291
5901,30291
5902,30291
5903,30291
5904,30291
5905,30291
5906,30291
5907,30291
5908,30291
5909,30291
5910,30291
5911,30291
5912,30291
5913,30291
5914,30291
5915,30291
5916,30291
5917,30291
5918,30291
5919,30291
5920,30291
5921,30291
5922,26665
5923,26665
5924,26665
5925,26665
5926,26665
5927,26665
5928,26665
5929,26665
5930,26665
5931,26665
5932,26665
5933,26665
5934,26665
5935,26665
5936,26665
5937,26665
5938,26665
5939,26665
5940,26665
5941,26665
5942,26665
5943,26665
5944,26665
5945,26665
5946,26665
5947,26665
5948,26665
5949,26665
5950,26665
5951,26665
5952,26665
5953,26665
5954,26665
5955,26665
5956,26665
5957,26665
5958,26665
5959,26665
5960,26665
5961,26665
5962,26665
5963,26665
5964,26665
5965,26665
5966,26665
5967,26665
5968,26665
5969,26665
5970,26665
5971,26665
5972,26665
5973,26665
5974,26665
5975,26665
5976,26665
5977,26665
5978,26665
5979,26665
5980,26665
5981,26665
5982,26665
5983,26665
5984,26665
5985,26665
5986,26665
5987,26665
5988,26665
5989,26665
5990,26665
5991,26665
5992,26665
5993,26665
5994,26665
5995,26665
5996,26665
5997,26665
5998,26665
5999,26665
6000,26665
6001,26665
6002,26665
6003,26665
6004,26665
6005,26665
6006,26665
6007,26665
6008,26665
6009,26665
6010,26665
6011,26665
6012,26665
6013,26665
6014,26665
6015,26665
6016,26665
6017,26665
6018,26665
6019,26665
6020,26665
6021,26665
6022,26665
6023,26665
6024,26665
6025,26665
6026,26665
6027,26665
6028,26665
6029,26665
6030,26665
6031,26665
6032,26665
6033,26665
6034,26665
6035,26665
6036,26665
6037,26665
6038,26665
6039,26665
6040,26665
6041,26665
6042,26665
6043,26665
6044,26665
6045,26665
6046,26665
6047,26665
6048,26665
6049,26665
6050,26665
6051,26665
6052,26665
6053,26665
6054,26665
6055,26665
6056,26665
6057,26665
6058,26665
6059,26665
6060,26665
6061,24475
6062,24475
6063,24475
6064,24475
6065,24475
6066,24475
6067,24475
6068,24475
6069,24475
6070,24475
6071,24475
6072,24475
6073,24475
6074,24475
6075,24475
6076,24475
6077,24475
6078,24475
6079,24475
6080,24475
6081,24475
6082,24475
6083,24475
6084,24475
6085,24475
6086,24475
6087,24475
6088,24475
6089,24475
6090,24475
6091,24475
6092,24475
6093,24475
6094,24475
6095,24475
6096,24475
6097,24475
6098,24475
6099,24475
6100,24475
6101,24475
6102,24475
6103,24475
6104,24475
6105,24475
6106,24475
6107,24475
6108,24475
6109,24475
6110,24475
6111,24475
6112,24475
6113,24475
6114,24475
6115,24475
6116,24475
6117,24475
6118,24475
6119,24475
6120,24475
6121,24475
6122,24475
6123,24475
6124,24475
6125,24475
6126,24475
6127,24475
6128,24475
6129,24475
6130,24475
6131,24475
6132,24475
6133,24475
6134,24475
6135,24475
6136,24475
6137,24475
6138,24475
6139,24475
6140,24475
6141,24475
6142,24475
6143,24475
6144,24475
6145,24475
6146,24475
6147,24475
6148,24475
6149,24475
6150,24475
6151,24475
6152,24475
6153,24475
6154,24475
6155,24475
6156,24475
6157,24475
6158,24475
6159,24475
6160,24475
6161,24475
6162,24475
6163,24475
6164,24475
6165,24475
6166,24475
6167,24475
6168,24475
6169,24475
6170,24475
6171,24475
6172,24475
6173,24475
6174,24475
6175,24475
6176,24475
6177,24475
6178,24475
6179,24475
6180,24475
6181,24475
6182,24475
6183,24475
6184,24475
6185,24475
6186,24475
6187,24475
6188,24475
6189,24475
6190,24475
6191,24475
6192,24475
6193,24475
6194,24475
6195,24475
6196,24475
6197,24475
6198,24475
6199,24475
6200,24475
6201,24475
6202,24475
6203,24475
6204,24475
6205,24475
6206,24475
6207,24475
6208,24475
6209,24475
6210,24475
6211,24475
6212,24475
6213,24475
6214,24475
6215,24475
6216,24475
6217,24475
6218,24475
6219,24475
6220,24475
6221,24475
6222,24475
6223,24475
6224,24475
6225,24475
6226,24475
6227,24475
6228,24475
6229,24475
6230,24475
6231,24475
6232,24475
6233,24475
6234,24475
6235,24475
6236,24475
6237,24475
6238,24475
6239,24475
6240,24475
6241,24475
6242,24475
6243,24475
6244,24475
6245,24475
6246,24475
6247,24475
6248,24475
6249,24475
6250,24475
6251,24475
6252,24475
6253,24475
6254,24475
6255,24475
6256,24475
6257,24475
6258,24475
6259,24475
6260,24475
6261,24475
6262,24475
6263,24475
6264,24475
6265,24475
6266,24475
6267,24475
6268,24475
6269,24475
6270,24475
6271,24475
6272,24475
6273,24475
6274,24475
6275,24475
6276,24475
6277,24475
6278,24475
6279,24475
6280,24475
6281,24475
6282,24475
6283,24475
6284,24475
6285,24475
6286,24475
6287,24475
6288,23449
6289,23449
6290,23449
6291,23449
6292,23449
6293,23449
6294,23449
6295,23449
6296,23449
6297,23449
6298,23449
6299,23449
6300,23449
6301,23449
6302,23449
6303,23449
6304,23449
6305,23449
6306,23449
6307,23449
6308,23449
6309,23449
6310,23449
6311,23449
6312,23449
6313,23449
6314,23449
6315,23449
6316,23449
6317,23449
6318,23449
6319,23449
6320,23449
6321,23449
6322,23449
6323,23449
6324,23449
6325,23449
6326,23449
6327,23449
6328,23449
6329,23449
6330,23449
6331,23449
6332,23449
6333,23449
6334,23449
6335,23449
6336,23449
6337,23449
6338,23449
6339,23449
6340,23449
6341,23449
6342,23449
6343,23449
6344,23449
6345,23449
6346,23449
6347,23449
6348,23449
6349,23449
6350,23449
6351,23449
6352,23449
6353,23449
6354,23449
6355,23449
6356,23449
6357,23449
6358,23449
6359,23449
6360,23449
6361,23449
6362,23449
6363,23449
6364,23449
6365,23449
6366,23449
6367,23449
6368,23449
6369,23449
6370,23449
6371,23449
6372,23449
6373,23449
6374,23449
6375,23449
6376,23449
6377,23449
6378,23449
6379,23449
6380,23449
6381,23449
6382,23449
6383,23449
6384,23449
6385,23449
6386,23449
6387,23449
6388,23449
6389,23449
6390,23449
6391,23449
6392,23449
6393,23449
6394,23449
6395,23449
6396,23449
6397,23449
6398,23449
6399,23449
6400,23449
6401,23449
6402,23449
6403,23449
6404,23449
6405,23449
6406,23449
6407,23449
6408,23449
6409,23449
6410,23449
6411,23449
6412,23449
6413,23449
6414,23449
6415,23449
6416,23449
6417,23449
6418,23449
6419,23449
6420,23449
6421,23449
6422,23449
6423,23449
6424,23449
6425,23449
6426,23449
6427,23449
6428,23449
6429,23449
6430,23449
6431,23449
6432,23449
6433,23449
6434,23449
6435,23449
6436,23449
6437,23449
6438,23449
6439,23449
6440,23449
6441,23449
6442,23449
6443,23449
6444,23449
6445,23449
6446,23449
6447,23449
6448,23449
6449,23449
6450,23449
6451,23449
6452,23449
6453,23449
6454,23449
6455,23449
6456,23449
6457,23449
6458,23449
6459,23449
6460,23449
6461,23449
6462,23449
6463,23449
6464,23449
6465,23449
6466,23449
6467,23449
6468,23449
6469,23449
6470,23449
6471,23449
6472,23449
6473,23449
6474,23449
6475,23449
6476,23449
6477,23449
6478,23449
6479,23449
6480,23449
6481,23449
6482,23449
6483,23449
6484,23449
6485,23449
6486,23449
6487,23449
6488,23449
6489,23449
6490,23449
6491,23449
6492,23449
6493,23449
6494,23449
6495,23449
6496,23449
6497,23449
6498,23449
6499,23449
6500,23449
6501,23449
6502,23449
6503,23449
6504,23449
6505,23449
6506,23449
6507,23449
6508,23449
6509,23449
6510,23449
6511,23449
6512,23449
6513,23449
6514,23449
6515,23449
6516,23449
6517,23449
6518,23449
6519,23449
6520,23449
6521,23449
6522,23449
6523,23727
6524,23727
6525,23727
6526,23727
6527,23727
6528,23727
6529,23727
6530,23727
6531,23727
6532,23727
6533,23727
6534,23727
6535,23727
6536,23727
6537,23727
6538,23727
6539,23727
6540,23727
6541,23727
6542,23727
6543,23727
6544,23727
6545,23727
6546,23727
6547,23727
6548,23727
6549,23727
6550,23727
6551,23727
6552,23727
6553,23727
6554,23727
6555,23727
6556,23727
6557,23727
6558,23727
6559,23727
6560,23727
6561,23727
6562,23727
6563,23727
6564,23727
6565,23727
6566,23727
6567,23727
6568,23727
6569,23727
6570,23727
6571,23727
6572,23727
6573,23727
6574,23727
6575,23727
6576,23727
6577,23727
6578,23727
6579,23727
6580,23727
6581,23727
6582,23727
6583,23727
6584,23727
6585,23727
6586,23727
6587,23727
6588,23727
6589,23727
6590,23727
6591,23727
6592,23727
6593,23727
6594,23727
6595,23727
6596,23727
6597,23727
6598,23727
6599,23727
6600,23727
6601,23727
6602,23727
6603,23727
6604,23727
6605,23727
6606,23727
6607,23727
6608,23727
6609,23727
6610,23727
6611,23727
6612,23727
6613,23727
6614,23727
6615,23727
6616,23727
6617,23727
6618,23727
6619,23727
6620,23727
6621,23727
6622,23727
6623,23727
6624,23727
6625,23727
6626,23727
6627,23727
6628,23727
6629,23727
6630,23727
6631,23727
6632,23727
6633,23727
6634,23727
6635,23727
6636,23727
6637,23727
6638,23727
6639,23727
6640,23727
6641,23727
6642,23727
6643,23727
6644,23727
6645,23727
6646,23727
6647,23727
6648,23727
6649,23727
6650,23727
6651,23727
6652,23727
6653,23727
6654,23727
6655,23727
6656,23727
6657,23727
6658,23727
6659,23727
6660,23727
6661,23727
6662,23727
6663,23727
6664,23727
6665,23727
6666,23727
6667,23727
6668,23727
6669,23727
6670,23727
6671,23727
6672,23727
6673,23727
6674,23727
6675,23727
6676,23727
6677,23727
6678,23727
6679,23727
6680,23727
6681,23727
6682,23727
6683,23727
6684,23727
6685,23727
6686,23727
6687,23727
6688,23727
6689,23727
6690,23727
6691,23727
6692,23727
6693,23727
6694,23727
6695,23727
6696,23727
6697,23727
6698,23727
6699,23727
6700,23727
6701,23727
6702,23727
6703,23727
6704,23727
6705,23727
6706,25517
6707,25517
6708,25517
6709,25517
6710,25517
6711,25517
6712,25517
6713,25517
6714,25517
6715,25517
6716,25517
6717,25517
6718,25517
6719,25517
6720,25517
6721,25517
6722,25517
6723,25517
6724,25517
6725,25517
6726,25517
6727,25517
6728,25517
6729,25517
6730,25517
6731,25517
6732,25517
6733,25517
6734,25517
6735,25517
6736,25517
6737,25517
6738,25517
6739,25517
6740,25517
6741,25517
6742,25517
6743,25517
6744,25517
6745,25517
6746,25517
6747,25517
6748,25517
6749,25517
6750,25517
6751,25517
6752,25517
6753,25517
6754,25517
6755,25517
6756,25517
6757,25517
6758,25517
6759,25517
6760,25517
6761,25517
6762,25517
6763,25517
6764,25517
6765,25517
6766,25517
6767,25517
6768,25517
6769,25517
6770,25517
6771,25517
6772,25517
6773,25517
6774,25517
6775,25517
6776,25517
6777,25517
6778,25517
6779,25517
6780,25517
6781,25517
6782,25517
6783,25517
6784,25517
6785,25517
6786,25517
6787,25517
6788,25517
6789,25517
6790,25517
6791,25517
6792,25517
6793,25517
6794,25517
6795,25517
6796,25517
6797,25517
6798,25517
6799,25517
6800,25517
6801,25517
6802,25517
6803,25517
6804,25517
6805,25517
6806,25517
6807,25517
6808,25517
6809,25517
6810,25517
6811,25517
6812,25517
6813,25517
6814,25517
6815,25517
6816,25517
6817,25517
6818,25517
6819,25517
6820,25517
6821,25517
6822,25517
6823,25517
6824,25517
6825,25517
6826,25517
6827,25517
6828,25517
6829,25517
6830,25517
6831,25517
6832,25517
6833,25517
6834,25517
6835,25517
6836,25517
6837,25517
6838,25517
6839,25517
6840,25517
6841,25517
6842,25517
6843,25517
6844,25517
6845,25517
6846,25517
6847,25517
6848,25517
6849,25517
6850,25517
6851,25517
6852,25517
6853,25517
6854,25517
6855,25517
6856,25517
6857,25517
6858,25517
6859,25517
6860,25517
6861,25517
6862,25517
6863,25517
6864,25517
6865,25517
6866,25517
6867,25517
6868,25517
6869,25517
6870,25517
6871,25517
6872,25517
6873,25517
6874,25517
6875,25517
6876,25517
6877,25517
6878,25517
6879,25517
6880,25517
6881,25517
6882,25517
6883,25517
6884,25517
6885,25517
6886,25517
6887,25517
6888,25517
6889,25517
6890,25517
6891,25517
6892,25517
6893,25517
6894,25517
6895,25517
6896,25517
6897,25517
6898,25517
6899,25517
6900,25517
6901,25517
6902,25517
6903,25517
6904,25517
6905,25517
6906,25517
6907,25517
6908,25517
6909,25517
6910,25517
6911,25517
6912,25517
6913,25517
6914,25517
6915,25517
6916,25517
6917,25517
6918,25517
6919,25517
6920,25517
6921,25517
6922,25517
6923,25517
6924,25517
6925,25517
6926,25517
6927,25517
6928,25517
6929,25517
6930,25517
6931,25517
6932,25517
6933,25517
6934,25517
6935,25517
6936,25517
6937,25517
6938,25517
6939,25517
6940,25517
6941,28279
6942,28279
6943,28279
6944,28279
6945,28279
6946,28279
6947,28279
6948,28279
6949,28279
6950,28279
6951,28279
6952,28279
6953,28279
6954,28279
6955,28279
6956,28279
6957,28279
6958,28279
6959,28279
6960,28279
6961,28279
6962,28279
6963,28279
6964,28279
6965,28279
6966,28279
6967,28279
6968,28279
6969,28279
6970,28279
6971,28279
6972,28279
6973,28279
6974,28279
6975,28279
6976,28279
6977,28279
6978,28279
6979,28279
6980,28279
6981,28279
6982,28279
6983,28279
6984,28279
6985,28279
6986,28279
6987,28279
6988,28279
6989,28279
6990,28279
6991,28279
6992,28279
6993,28279
6994,28279
6995,28279
6996,28279
6997,28279
6998,28279
6999,28279
7000,28279
7001,28279
7002,28279
7003,28279
7004,28279
7005,28279
7006,28279
7007,28279
7008,28279
7009,28279
7010,28279
7011,28279
7012,28279
7013,28279
7014,28279
7015,28279
7016,28279
7017,28279
7018,28279
7019,28279
7020,28279
7021,28279
7022,28279
7023,28279
7024,28279
7025,28279
7026,28279
7027,28279
7028,28279
7029,28279
7030,28279
7031,28279
7032,28279
7033,28279
7034,28279
7035,28279
7036,28279
7037,28279
7038,28279
7039,28279
7040,28279
7041,28279
7042,28279
7043,28279
7044,28279
7045,28279
7046,28279
7047,28279
7048,28279
7049,28279
7050,28279
7051,28279
7052,28279
7053,28279
7054,28279
7055,28279
7056,28279
7057,28279
7058,28279
7059,28279
7060,28279
7061,28279
7062,28279
7063,28279
7064,28279
7065,28279
7066,28279
7067,28279
7068,28279
7069,28279
7070,28279
7071,28279
7072,28279
7073,28279
7074,28279
7075,28279
7076,28279
7077,28279
7078,28279
7079,28279
7080,28279
7081,28279
7082,28279
7083,28279
7084,28279
7085,28279
7086,28279
7087,28279
7088,28279
7089,28279
7090,28279
7091,28279
7092,28279
7093,28279
7094,28279
7095,28279
7096,28279
7097,28279
7098,28279
7099,28279
7100,28279
7101,28279
7102,28279
7103,28279
7104,28279
7105,28279
7106,28279
7107,28279
7108,28279
7109,28279
7110,28279
7111,28279
7112,28279
7113,28279
7114,28279
7115,28279
7116,28279
7117,28279
7118,28279
7119,28279
7120,28279
7121,28279
7122,28279
7123,28279
7124,28279
7125,28279
7126,28279
7127,28279
7128,28279
7129,28279
7130,28279
7131,28279
7132,28279
7133,28279
7134,28279
7135,32011
7136,32011
7137,32011
7138,32011
7139,32011
7140,32011
7141,32011
7142,32011
7143,32011
7144,32011
7145,32011
7146,32011
7147,32011
7148,32011
7149,32011
7150,32011
7151,32011
7152,32011
7153,32011
7154,32011
7155,32011
7156,32011
7157,32011
7158,32011
7159,32011
7160,32011
7161,32011
7162,32011
7163,32011
7164,32011
7165,32011
7166,32011
7167,32011
7168,32011
7169,32011
7170,32011
7171,32011
7172,32011
7173,32011
7174,32011
7175,32011
7176,32011
7177,32011
7178,32011
7179,32011
7180,32011
7181,32011
7182,32011
7183,32011
7184,32011
7185,32011
7186,32011
7187,32011
7188,32011
7189,32011
7190,32011
7191,32011
7192,32011
7193,32011
7194,32011
7195,32011
7196,32011
7197,32011
7198,32011
7199,32011
7200,32011
7201,32011
7202,32011
7203,32011
7204,32011
7205,32011
7206,32011
7207,32011
7208,32011
7209,32011
7210,32011
7211,32011
7212,32011
7213,32011
7214,32011
7215,32011
7216,32011
7217,32011
7218,32011
7219,32011
7220,32011
7221,32011
7222,32011
7223,32011
7224,32011
7225,32011
7226,32011
7227,32011
7228,32011
7229,32011
7230,32011
7231,32011
7232,32011
7233,32011
7234,32011
7235,32011
7236,32011
7237,32011
7238,32011
7239,32011
7240,32011
7241,32011
7242,32011
7243,32011
7244,32011
7245,32011
7246,32011
7247,32011
7248,32011
7249,32011
7250,32011
7251,32011
7252,32011
7253,32011
7254,32011
7255,32011
7256,32011
7257,32011
7258,32011
7259,32011
7260,32011
7261,32011
7262,32011
7263,32011
7264,32011
7265,32011
7266,32011
7267,32011
7268,32011
7269,32011
7270,32011
7271,32011
7272,32011
7273,32011
7274,32011
7275,32011
7276,32011
7277,32011
7278,32011
7279,32011
7280,32011
7281,32011
7282,32011
7283,32011
7284,32011
7285,32011
7286,32011
7287,32011
7288,32011
7289,32011
7290,32011
7291,32011
7292,32011
7293,32011
7294,32011
7295,32011
7296,32011
7297,32011
7298,32011
7299,32011
7300,32011
7301,32011
7302,32011
7303,32011
7304,32011
7305,32011
7306,32011
7307,32011
7308,32011
7309,32011
7310,32011
7311,32011
7312,32011
7313,32011
7314,32011
7315,32011
7316,32011
7317,32011
7318,32011
7319,32011
7320,32011
7321,32011
7322,32011
7323,32011
7324,32011
7325,32011
7326,32011
7327,32011
7328,32011
7329,32011
7330,32011
7331,32011
7332,32011
7333,32011
7334,32011
7335,32011
7336,32011
7337,32011
7338,32011
7339,32011
7340,32011
7341,32011
7342,32011
7343,32011
7344,33143
7345,33143
7346,33143
7347,33143
7348,33143
7349,33143
7350,33143
7351,33143
7352,33143
7353,33143
7354,33143
7355,33143
7356,33143
7357,33143
7358,33143
7359,33143
7360,33143
7361,33143
7362,33143
7363,33143
7364,33143
7365,33143
7366,33143
7367,33143
7368,33143
7369,33143
7370,33143
7371,33143
7372,33143
7373,33143
7374,33143
7375,33143
7376,33143
7377,33143
7378,33143
7379,33143
7380,33143
7381,33143
7382,33143
7383,33143
7384,33143
7385,33143
7386,33143
7387,33143
7388,33143
7389,33143
7390,33143
7391,33143
7392,33143
7393,33143
7394,33143
7395,33143
7396,33143
7397,33143
7398,33143
7399,33143
7400,33143
7401,33143
7402,33143
7403,33143
7404,33143
7405,33143
7406,33143
7407,33143
7408,33143
7409,33143
7410,33143
7411,33143
7412,33143
7413,33143
7414,33143
7415,33143
7416,33143
7417,33143
7418,33143
7419,33143
7420,33143
7421,33143
7422,33143
7423,33143
7424,33143
7425,33143
7426,33143
7427,33143
7428,33143
7429,33143
7430,33143
7431,33143
7432,33143
7433,33143
7434,33143
7435,33143
7436,33143
7437,33143
7438,33143
7439,33143
7440,33143
7441,29517
7442,29517
7443,29517
7444,29517
7445,29517
7446,29517
7447,29517
7448,29517
7449,29517
7450,29517
7451,29517
7452,29517
7453,29517
7454,29517
7455,29517
7456,29517
7457,29517
7458,29517
7459,29517
7460,29517
7461,29517
7462,29517
7463,29517
7464,29517
7465,29517
7466,29517
7467,29517
7468,29517
7469,29517
7470,29517
7471,29517
7472,29517
7473,29517
7474,29517
7475,29517
7476,29517
7477,29517
7478,29517
7479,29517
7480,29517
7481,29517
7482,29517
7483,29517
7484,29517
7485,29517
7486,29517
7487,29517
7488,29517
7489,29517
7490,29517
7491,29517
7492,29517
7493,29517
7494,29517
7495,29517
7496,29517
7497,29517
7498,29517
7499,29517
7500,29517
7501,29517
7502,29517
7503,29517
7504,29517
7505,29517
7506,29517
7507,29517
7508,29517
7509,29517
7510,29517
7511,29517
7512,29517
7513,29517
7514,29517
7515,29517
7516,29517
7517,29517
7518,29517
7519,29517
7520,29517
7521,29517
7522,29517
7523,29517
7524,29517
7525,29517
7526,29517
7527,29517
7528,29517
7529,29517
7530,29517
7531,29517
7532,29517
7533,29517
7534,29517
7535,29517
7536,29517
7537,29517
7538,29517
7539,29517
7540,29517
7541,29517
7542,29517
7543,29517
7544,29517
7545,29517
7546,29517
7547,29517
7548,29517
7549,29517
7550,29517
7551,29517
7552,29517
7553,29517
7554,29517
7555,29517
7556,29517
7557,29517
7558,29517
7559,29517
7560,29517
7561,29517
7562,29517
7563,29517
7564,29517
7565,29517
7566,29517
7567,29517
7568,29517
7569,29517
7570,29517
7571,29517
7572,29517
7573,29517
7574,29517
7575,29517
7576,29517
7577,29517
7578,29517
7579,29517
7580,29517
7581,29517
7582,29517
7583,29517
7584,29517
7585,29517
7586,29517
7587,29517
7588,29517
7589,29517
7590,29517
7591,29517
7592,29517
7593,29517
7594,29517
7595,29517
7596,29517
7597,29517
7598,29517
7599,29517
7600,29517
7601,29517
7602,29517
7603,29517
7604,29517
7605,29517
7606,29517
7607,29517
7608,29517
7609,29517
7610,29517
7611,29517
7612,29517
7613,29517
7614,29517
7615,29517
7616,29517
7617,29517
7618,29517
7619,29517
7620,29517
7621,29517
7622,29517
7623,29517
7624,29517
7625,29517
7626,29517
7627,29517
7628,29517
7629,29517
7630,29517
7631,29517
7632,27327
7633,27327
7634,27327
7635,27327
7636,27327
7637,27327
7638,27327
7639,27327
7640,27327
7641,27327
7642,27327
7643,27327
7644,27327
7645,27327
7646,27327
7647,27327
7648,27327
7649,27327
7650,27327
7651,27327
7652,27327
7653,27327
7654,27327
7655,27327
7656,27327
7657,27327
7658,27327
7659,27327
7660,27327
7661,27327
7662,27327
7663,27327
7664,27327
7665,27327
7666,27327
7667,27327
7668,27327
7669,27327
7670,27327
7671,27327
7672,27327
7673,27327
7674,27327
7675,27327
7676,27327
7677,27327
7678,27327
7679,27327
7680,27327
7681,27327
7682,27327
7683,27327
7684,27327
7685,27327
7686,27327
7687,27327
7688,27327
7689,27327
7690,27327
7691,27327
7692,27327
7693,27327
7694,27327
7695,27327
7696,27327
7697,27327
7698,27327
7699,27327
7700,27327
7701,27327
7702,27327
7703,27327
7704,27327
7705,27327
7706,27327
7707,27327
7708,27327
7709,27327
7710,27327
7711,27327
7712,27327
7713,27327
7714,27327
7715,27327
7716,27327
7717,27327
7718,27327
7719,27327
7720,27327
7721,27327
7722,27327
7723,27327
7724,27327
7725,27327
7726,27327
7727,27327
7728,27327
7729,27327
7730,27327
7731,27327
7732,27327
7733,27327
7734,27327
7735,27327
7736,27327
7737,27327
7738,27327
7739,27327
7740,27327
7741,27327
7742,27327
7743,27327
7744,26301
7745,26301
7746,26301
7747,26301
7748,26301
7749,26301
7750,26301
7751,26301
7752,26301
7753,26301
7754,26301
7755,26301
7756,26301
7757,26301
7758,26301
7759,26301
7760,26301
7761,26301
7762,26301
7763,26301
7764,26301
7765,26301
7766,26301
7767,26301
7768,26301
7769,26301
7770,26301
7771,26301
7772,26301
7773,26301
7774,26301
7775,26301
7776,26301
7777,26301
7778,26301
7779,26301
7780,26301
7781,26301
7782,26301
7783,26301
7784,26301
7785,26301
7786,26301
7787,26301
7788,26301
7789,26301
7790,26301
7791,26301
7792,26301
7793,26301
7794,26301
7795,26301
7796,26301
7797,26301
7798,26301
7799,26301
7800,26301
7801,26301
7802,26301
7803,26301
7804,26301
7805,26301
7806,26301
7807,26301
7808,26301
7809,26301
7810,26301
7811,26301
7812,26301
7813,26301
7814,26301
7815,26301
7816,26301
7817,26301
7818,26301
7819,26301
7820,26301
7821,26301
7822,26301
7823,26301
7824,26301
7825,26301
7826,26301
7827,26301
7828,26301
7829,26301
7830,26301
7831,26301
7832,26301
7833,26301
7834,26301
7835,26301
7836,26301
7837,26301
7838,26301
7839,26301
7840,26301
7841,26301
7842,26301
7843,26301
7844,26301
7845,26301
7846,26301
7847,26301
7848,26301
7849,26301
7850,26301
7851,26301
7852,26301
7853,26301
7854,26301
7855,26301
7856,26301
7857,26301
7858,26301
7859,26301
7860,26301
7861,26301
7862,26301
7863,26301
7864,26301
7865,26301
7866,26301
7867,26301
7868,26301
7869,26301
7870,26301
7871,26301
7872,26301
7873,26301
7874,26301
7875,26301
7876,26301
7877,26301
7878,26301
7879,26301
7880,26301
7881,26301
7882,26301
7883,26301
7884,26301
7885,26301
7886,26301
7887,26301
7888,26301
7889,26301
7890,26301
7891,26301
7892,26301
7893,26301
7894,26301
7895,26301
7896,26301
7897,26301
7898,26301
7899,26301
7900,26301
7901,26301
7902,26301
7903,26301
7904,26301
7905,26301
7906,26301
7907,26301
7908,26301
7909,26301
7910,26301
7911,26301
7912,26301
7913,26301
7914,26301
7915,26301
7916,26301
7917,26301
7918,26301
7919,26301
7920,26301
7921,26301
7922,26301
7923,26301
7924,26301
7925,26301
7926,26301
7927,26301
7928,26301
7929,26301
7930,26301
7931,26301
7932,26301
7933,26301
7934,26301
7935,26301
7936,26301
7937,26301
7938,26301
7939,26301
7940,26301
7941,26301
7942,26301
7943,26301
7944,26301
7945,26301
7946,26301
7947,26301
7948,26301
7949,26301
7950,26301
7951,26301
7952,26301
7953,26301
7954,26301
7955,26301
7956,26301
7957,26301
7958,26301
7959,26301
7960,26301
7961,26301
7962,26301
7963,26301
7964,26301
7965,26301
7966,26301
7967,26301
7968,26301
7969,26301
7970,26301
7971,26301
7972,26301
7973,26301
7974,26301
7975,26301
7976,26301
7977,26301
7978,26301
7979,26579
7980,26579
7981,26579
7982,26579
7983,26579
7984,26579
7985,26579
7986,26579
7987,26579
7988,26579
7989,26579
7990,26579
7991,26579
7992,26579
7993,26579
7994,26579
7995,26579
7996,26579
7997,26579
7998,26579
7999,26579
8000,26579
8001,26579
8002,26579
8003,26579
8004,26579
8005,26579
8006,26579
8007,26579
8008,26579
8009,26579
8010,26579
8011,26579
8012,26579
8013,26579
8014,26579
8015,26579
8016,26579
8017,26579
8018,26579
8019,26579
8020,26579
8021,26579
8022,26579
8023,26579
8024,26579
8025,26579
8026,26579
8027,26579
8028,26579
8029,26579
8030,26579
8031,26579
8032,26579
8033,26579
8034,26579
8035,26579
8036,26579
8037,26579
8038,26579
8039,26579
8040,26579
8041,26579
8042,26579
8043,26579
8044,26579
8045,26579
8046,26579
8047,26579
8048,26579
8049,26579
8050,26579
8051,26579
8052,26579
8053,26579
8054,26579
8055,26579
8056,26579
8057,26579
8058,26579
8059,26579
8060,26579
8061,26579
8062,26579
8063,26579
8064,26579
8065,26579
8066,26579
8067,26579
8068,26579
8069,26579
8070,26579
8071,26579
8072,26579
8073,26579
8074,26579
8075,26579
8076,26579
8077,26579
8078,26579
8079,26579
8080,26579
8081,26579
8082,26579
8083,26579
8084,26579
8085,26579
8086,26579
8087,26579
8088,26579
8089,26579
8090,26579
8091,26579
8092,26579
8093,26579
8094,26579
8095,26579
8096,26579
8097,26579
8098,26579
8099,26579
8100,26579
8101,26579
8102,26579
8103,26579
8104,26579
8105,26579
8106,26579
8107,26579
8108,26579
8109,26579
8110,26579
8111,26579
8112,26579
8113,26579
8114,26579
8115,26579
8116,26579
8117,26579
8118,26579
8119,26579
8120,26579
8121,26579
8122,26579
8123,26579
8124,26579
8125,26579
8126,26579
8127,26579
8128,26579
8129,26579
8130,26579
8131,26579
8132,26579
8133,26579
8134,26579
8135,26579
8136,26579
8137,26579
8138,26579
8139,26579
8140,26579
8141,26579
8142,26579
8143,26579
8144,26579
8145,26579
8146,26579
8147,26579
8148,26579
8149,28369
8150,28369
8151,28369
8152,28369
8153,28369
8154,28369
8155,28369
8156,28369
8157,28369
8158,28369
8159,28369
8160,28369
8161,28369
8162,28369
8163,28369
8164,28369
8165,28369
8166,28369
8167,28369
8168,28369
8169,28369
8170,28369
8171,28369
8172,28369
8173,28369
8174,28369
8175,28369
8176,28369
8177,28369
8178,28369
8179,28369
8180,28369
8181,28369
8182,28369
8183,28369
8184,28369
8185,28369
8186,28369
8187,28369
8188,28369
8189,28369
8190,28369
8191,28369
8192,28369
8193,28369
8194,28369
8195,28369
8196,28369
8197,28369
8198,28369
8199,28369
8200,28369
8201,28369
8202,28369
8203,28369
8204,28369
8205,28369
8206,28369
8207,28369
8208,28369
8209,28369
8210,28369
8211,28369
8212,28369
8213,28369
8214,28369
8215,28369
8216,28369
8217,28369
8218,28369
8219,28369
8220,28369
8221,28369
8222,28369
8223,28369
8224,28369
8225,28369
8226,28369
8227,28369
8228,28369
8229,28369
8230,28369
8231,28369
8232,28369
8233,28369
8234,28369
8235,28369
8236,28369
8237,28369
8238,28369
8239,28369
8240,28369
8241,28369
8242,28369
8243,28369
8244,28369
8245,28369
8246,28369
8247,28369
8248,28369
8249,28369
8250,28369
8251,28369
8252,28369
8253,28369
8254,28369
8255,28369
8256,28369
8257,28369
8258,28369
8259,28369
8260,28369
8261,31131
8262,31131
8263,31131
8264,31131
8265,31131
8266,31131
8267,31131
8268,31131
8269,31131
8270,31131
8271,31131
8272,31131
8273,31131
8274,31131
8275,31131
8276,31131
8277,31131
8278,31131
8279,31131
8280,31131
8281,31131
8282,31131
8283,31131
8284,31131
8285,31131
8286,31131
8287,31131
8288,31131
8289,31131
8290,31131
8291,31131
8292,31131
8293,31131
8294,31131
8295,31131
8296,31131
8297,31131
8298,31131
8299,31131
8300,31131
8301,31131
8302,31131
8303,31131
8304,31131
8305,31131
8306,31131
8307,31131
8308,31131
8309,31131
8310,31131
8311,31131
8312,31131
8313,31131
8314,31131
8315,31131
8316,31131
8317,31131
8318,31131
8319,31131
8320,31131
8321,31131
8322,31131
8323,31131
8324,31131
8325,31131
8326,31131
8327,31131
8328,31131
8329,31131
8330,31131
8331,31131
8332,31131
8333,31131
8334,31131
8335,31131
8336,31131
8337,31131
8338,31131
8339,31131
8340,31131
8341,31131
8342,31131
8343,31131
8344,31131
8345,31131
8346,31131
8347,31131
8348,31131
8349,31131
8350,31131
8351,31131
8352,31131
8353,31131
8354,31131
8355,31131
8356,31131
8357,31131
8358,31131
8359,31131
8360,31131
8361,31131
8362,31131
8363,31131
8364,31131
8365,31131
8366,31131
8367,31131
8368,31131
8369,31131
8370,31131
8371,31131
8372,31131
8373,31131
8374,31131
8375,31131
8376,31131
8377,31131
8378,31131
8379,31131
8380,31131
8381,31131
8382,31131
8383,31131
8384,31131
8385,31131
8386,31131
8387,31131
8388,31131
8389,31131
8390,31131
8391,31131
8392,31131
8393,31131
8394,31131
8395,31131
8396,31131
8397,31131
8398,31131
8399,31131
8400,31131
8401,31131
8402,31131
8403,31131
8404,31131
8405,31131
8406,31131
8407,31131
8408,31131
8409,31131
8410,31131
8411,31131
8412,31131
8413,31131
8414,31131
8415,31131
8416,31131
8417,31131
8418,31131
8419,31131
8420,31131
8421,31131
8422,31131
8423,31131
8424,31131
8425,31131
8426,31131
8427,31131
8428,31131
8429,31131
8430,31131
8431,31131
8432,31131
8433,31131
8434,31131
8435,31131
8436,31131
8437,31131
8438,31131
8439,31131
8440,31131
8441,31131
8442,31131
8443,31131
8444,31131
8445,31131
8446,31131
8447,31131
8448,31131
8449,31131
8450,31131
8451,31131
8452,31131
8453,31131
8454,31131
8455,31131
8456,31131
8457,31131
8458,31131
8459,31131
8460,31131
8461,31131
8462,31131
8463,31131
8464,31131
8465,31131
8466,31131
8467,31131
8468,31131
8469,31131
8470,31131
8471,31131
8472,31131
8473,31131
8474,31131
8475,31131
8476,31131
8477,31131
8478,31131
8479,31131
8480,31131
8481,31131
8482,31131
8483,31131
8484,31131
8485,31131
8486,31131
8487,31131
8488,31131
8489,31131
8490,31131
8491,31131
8492,31131
8493,31131
8494,31131
8495,31131
8496,34863
8497,34863
8498,34863
8499,34863
8500,34863
8501,34863
8502,34863
8503,34863
8504,34863
8505,34863
8506,34863
8507,34863
8508,34863
8509,34863
8510,34863
8511,34863
8512,34863
8513,34863
8514,34863
8515,34863
8516,34863
8517,34863
8518,34863
8519,34863
8520,34863
8521,34863
8522,34863
8523,34863
8524,34863
8525,34863
8526,34863
8527,34863
8528,34863
8529,34863
8530,34863
8531,34863
8532,34863
8533,34863
8534,34863
8535,34863
8536,34863
8537,34863
8538,34863
8539,34863
8540,34863
8541,34863
8542,34863
8543,34863
8544,34863
8545,34863
8546,34863
8547,34863
8548,34863
8549,34863
8550,34863
8551,34863
8552,34863
8553,34863
8554,34863
8555,34863
8556,34863
8557,34863
8558,34863
8559,34863
8560,34863
8561,34863
8562,34863
8563,34863
8564,34863
8565,34863
8566,34863
8567,34863
8568,34863
8569,34863
8570,34863
8571,34863
8572,34863
8573,34863
8574,34863
8575,34863
8576,34863
8577,34863
8578,34863
8579,34863
8580,34863
8581,34863
8582,34863
8583,34863
8584,34863
8585,34863
8586,34863
8587,34863
8588,34863
8589,34863
8590,34863
8591,34863
8592,34863
8593,34863
8594,34863
8595,34863
8596,34863
8597,34863
8598,34863
8599,34863
8600,34863
8601,34863
8602,34863
8603,34863
8604,34863
8605,34863
8606,34863
8607,34863
8608,34863
8609,34863
8610,34863
8611,34863
8612,34863
8613,34863
8614,34863
8615,34863
8616,34863
8617,34863
8618,34863
8619,34863
8620,34863
8621,34863
8622,34863
8623,34863
8624,34863
8625,34863
8626,34863
8627,34863
8628,34863
8629,34863
8630,34863
8631,34863
8632,34863
8633,34863
8634,34863
8635,34863
8636,34863
8637,34863
8638,34863
8639,34863
8640,34863
8641,34863
8642,34863
8643,34863
8644,34863
8645,34863
8646,34863
8647,34863
8648,34863
8649,34863
8650,34863
8651,34863
8652,34863
8653,34863
8654,34863
8655,34863
8656,34863
8657,34863
8658,34863
8659,34863
8660,34863
8661,34863
8662,34863
8663,34863
8664,34863
8665,34863
8666,34863
8667,37109
8668,37109
8669,37109
8670,37109
8671,37109
8672,37109
8673,37109
8674,37109
8675,37109
8676,37109
8677,37109
8678,37109
8679,37109
8680,37109
8681,37109
8682,37109
8683,37109
8684,37109
8685,37109
8686,37109
8687,37109
8688,37109
8689,37109
8690,37109
8691,37109
8692,37109
8693,37109
8694,37109
8695,37109
8696,37109
8697,37109
8698,37109
8699,37109
8700,37109
8701,37109
8702,37109
8703,37109
8704,37109
8705,37109
8706,37109
8707,37109
8708,37109
8709,37109
8710,37109
8711,37109
8712,37109
8713,37109
8714,37109
8715,37109
8716,37109
8717,37109
8718,37109
8719,37109
8720,37109
8721,37109
8722,37109
8723,37109
8724,37109
8725,37109
8726,37109
8727,37109
8728,37109
8729,37109
8730,37109
8731,37109
8732,37109
8733,37109
8734,37109
8735,37109
8736,37109
8737,37109
8738,37109
8739,33483
8740,33483
8741,33483
8742,33483
8743,33483
8744,33483
8745,33483
8746,33483
8747,33483
8748,33483
8749,33483
8750,33483
8751,33483
8752,33483
8753,33483
8754,33483
8755,33483
8756,33483
8757,33483
8758,33483
8759,33483
8760,33483
8761,33483
8762,33483
8763,33483
8764,33483
8765,33483
8766,33483
8767,33483
8768,33483
8769,33483
8770,33483
8771,33483
8772,33483
8773,33483
8774,33483
8775,33483
8776,33483
8777,33483
8778,33483
8779,33483
8780,33483
8781,33483
8782,33483
8783,33483
8784,33483
8785,33483
8786,33483
8787,33483
8788,33483
8789,33483
8790,33483
8791,33483
8792,33483
8793,33483
8794,33483
8795,33483
8796,33483
8797,33483
8798,33483
8799,33483
8800,33483
8801,33483
8802,33483
8803,33483
8804,33483
8805,33483
8806,33483
8807,33483
8808,33483
8809,33483
8810,33483
8811,33483
8812,33483
8813,33483
8814,33483
8815,33483
8816,33483
8817,33483
8818,33483
8819,33483
8820,33483
8821,33483
8822,33483
8823,33483
8824,33483
8825,33483
8826,33483
8827,33483
8828,33483
8829,33483
8830,33483
8831,33483
8832,33483
8833,33483
8834,33483
8835,33483
8836,33483
8837,33483
8838,33483
8839,33483
8840,33483
8841,33483
8842,33483
8843,33483
8844,33483
8845,33483
8846,33483
8847,33483
8848,33483
8849,33483
8850,33483
8851,33483
8852,33483
8853,33483
8854,33483
8855,33483
8856,33483
8857,33483
8858,33483
8859,33483
8860,33483
8861,33483
8862,33483
8863,33483
8864,33483
8865,33483
8866,33483
8867,33483
8868,33483
8869,33483
8870,33483
8871,33483
8872,33483
8873,33483
8874,33483
8875,33483
8876,33483
8877,33483
8878,33483
8879,33483
8880,33483
8881,33483
8882,33483
8883,33483
8884,33483
8885,33483
8886,33483
8887,33483
8888,33483
8889,33483
8890,33483
8891,33483
8892,33483
8893,33483
8894,33483
8895,33483
8896,33483
8897,33483
8898,33483
8899,33483
8900,33483
8901,33483
8902,33483
8903,33483
8904,33483
8905,33483
8906,33483
8907,33483
8908,33483
8909,33483
8910,33483
8911,33483
8912,33483
8913,33483
8914,33483
8915,33483
8916,33483
8917,33483
8918,33483
8919,33483
8920,33483
8921,33483
8922,33483
8923,33483
8924,33483
8925,33483
8926,33483
8927,33483
8928,33483
8929,33483
8930,31293
8931,31293
8932,31293
8933,31293
8934,31293
8935,31293
8936,31293
8937,31293
8938,31293
8939,31293
8940,31293
8941,31293
8942,31293
8943,31293
8944,31293
8945,31293
8946,31293
8947,31293
8948,31293
8949,31293
8950,31293
8951,31293
8952,31293
8953,31293
8954,31293
8955,31293
8956,31293
8957,31293
8958,31293
8959,31293
8960,31293
8961,31293
8962,31293
8963,31293
8964,31293
8965,31293
8966,31293
8967,31293
8968,31293
8969,31293
8970,31293
8971,31293
8972,31293
8973,31293
8974,31293
8975,31293
8976,31293
8977,31293
8978,31293
8979,31293
8980,31293
8981,31293
8982,31293
8983,31293
8984,31293
8985,31293
8986,31293
8987,31293
8988,31293
8989,31293
8990,31293
8991,31293
8992,31293
8993,31293
8994,31293
8995,31293
8996,31293
8997,31293
8998,31293
8999,31293
9000,31293
9001,31293
9002,31293
9003,31293
9004,31293
9005,31293
9006,31293
9007,31293
9008,31293
9009,31293
9010,31293
9011,31293
9012,31293
9013,31293
9014,31293
9015,31293
9016,31293
9017,31293
9018,31293
9019,31293
9020,31293
9021,31293
9022,31293
9023,31293
9024,31293
9025,31293
9026,31293
9027,31293
9028,31293
9029,31293
9030,31293
9031,31293
9032,31293
9033,31293
9034,31293
9035,31293
9036,31293
9037,31293
9038,31293
9039,31293
9040,31293
9041,31293
9042,31293
9043,31293
9044,31293
9045,31293
9046,31293
9047,31293
9048,31293
9049,31293
9050,31293
9051,31293
9052,31293
9053,31293
9054,31293
9055,31293
9056,31293
9057,31293
9058,31293
9059,31293
9060,31293
9061,31293
9062,31293
9063,31293
9064,31293
9065,31293
9066,31293
9067,31293
9068,31293
9069,31293
9070,31293
9071,31293
9072,31293
9073,31293
9074,31293
9075,31293
9076,31293
9077,31293
9078,31293
9079,31293
9080,31293
9081,31293
9082,31293
9083,31293
9084,30267
9085,30267
9086,30267
9087,30267
9088,30267
9089,30267
9090,30267
9091,30267
9092,30267
9093,30267
9094,30267
9095,30267
9096,30267
9097,30267
9098,30267
9099,30267
9100,30267
9101,30267
9102,30267
9103,30267
9104,30267
9105,30267
9106,30267
9107,30267
9108,30267
9109,30267
9110,30267
9111,30267
9112,30267
9113,30267
9114,30267
9115,30267
9116,30267
9117,30267
9118,30267
9119,30267
9120,30267
9121,30267
9122,30267
9123,30267
9124,30267
9125,30267
9126,30267
9127,30267
9128,30267
9129,30267
9130,30267
9131,30267
9132,30267
9133,30267
9134,30267
9135,30267
9136,30267
9137,30267
9138,30267
9139,30267
9140,30267
9141,30267
9142,30267
9143,30267
9144,30267
9145,30267
9146,30267
9147,30267
9148,30267
9149,30267
9150,30267
9151,30267
9152,30267
9153,30267
9154,30267
9155,30267
9156,30267
9157,30267
9158,30267
9159,30267
9160,30267
9161,30267
9162,30267
9163,30267
9164,30267
9165,30267
9166,30267
9167,30267
9168,30267
9169,30267
9170,30267
9171,30267
9172,30267
9173,30267
9174,30267
9175,30267
9176,30267
9177,30267
9178,30267
9179,30267
9180,30267
9181,30267
9182,30267
9183,30267
9184,30267
9185,30267
9186,30267
9187,30267
9188,30267
9189,30267
9190,30267
9191,30267
9192,30267
9193,30267
9194,30267
9195,30267
9196,30267
9197,30267
9198,30267
9199,30267
9200,30267
9201,30267
9202,30267
9203,30267
9204,30267
9205,30267
9206,30267
9207,30267
9208,30267
9209,30267
9210,30267
9211,30267
9212,30267
9213,30267
9214,30267
9215,30267
9216,30267
9217,30267
9218,30267
9219,30267
9220,30267
9221,30267
9222,30267
9223,30267
9224,30267
9225,30267
9226,30267
9227,30267
9228,30267
9229,30267
9230,30267
9231,30267
9232,30267
9233,30267
9234,30267
9235,30267
9236,30267
9237,30267
9238,30267
9239,30267
9240,30267
9241,30267
9242,30267
9243,30267
9244,30267
9245,30267
9246,30267
9247,30267
9248,30267
9249,30267
9250,30267
9251,30267
9252,30267
9253,30267
9254,30267
9255,30267
9256,30267
9257,30267
9258,30267
9259,30267
9260,30267
9261,30267
9262,30267
9263,30267
9264,30267
9265,30267
9266,30267
9267,30267
9268,30267
9269,30267
9270,30267
9271,30267
9272,30267
9273,30267
9274,30267
9275,30267
9276,30267
9277,30267
9278,30267
9279,30267
9280,30267
9281,30267
9282,30267
9283,30267
9284,30267
9285,30545
9286,30545
9287,30545
9288,30545
9289,30545
9290,30545
9291,30545
9292,30545
9293,30545
9294,30545
9295,30545
9296,30545
9297,30545
9298,30545
9299,30545
9300,30545
9301,30545
9302,30545
9303,30545
9304,30545
9305,30545
9306,30545
9307,30545
9308,30545
9309,30545
9310,30545
9311,30545
9312,30545
9313,30545
9314,30545
9315,30545
9316,30545
9317,30545
9318,30545
9319,30545
9320,30545
9321,30545
9322,30545
9323,30545
9324,30545
9325,30545
9326,30545
9327,30545
9328,30545
9329,30545
9330,30545
9331,30545
9332,30545
9333,30545
9334,30545
9335,30545
9336,30545
9337,30545
9338,30545
9339,30545
9340,30545
9341,30545
9342,30545
9343,30545
9344,30545
9345,30545
9346,30545
9347,30545
9348,30545
9349,30545
9350,30545
9351,30545
9352,30545
9353,30545
9354,30545
9355,30545
9356,30545
9357,30545
9358,30545
9359,30545
9360,30545
9361,30545
9362,30545
9363,30545
9364,30545
9365,30545
9366,30545
9367,30545
9368,30545
9369,30545
9370,30545
9371,30545
9372,30545
9373,30545
9374,30545
9375,30545
9376,30545
9377,30545
9378,30545
9379,30545
9380,30545
9381,30545
9382,30545
9383,30545
9384,30545
9385,30545
9386,30545
9387,30545
9388,30545
9389,30545
9390,30545
9391,30545
9392,30545
9393,30545
9394,30545
9395,30545
9396,30545
9397,30545
9398,30545
9399,30545
9400,30545
9401,30545
9402,30545
9403,30545
9404,30545
9405,30545
9406,30545
9407,30545
9408,30545
9409,30545
9410,30545
9411,30545
9412,30545
9413,30545
9414,30545
9415,30545
9416,30545
9417,30545
9418,30545
9419,30545
9420,30545
9421,30545
9422,30545
9423,30545
9424,30545
9425,30545
9426,30545
9427,30545
9428,30545
9429,30545
9430,30545
9431,30545
9432,30545
9433,30545
9434,30545
9435,30545
9436,30545
9437,30545
9438,30545
9439,30545
9440,30545
9441,30545
9442,30545
9443,30545
9444,30545
9445,30545
9446,30545
9447,30545
9448,30545
9449,30545
9450,30545
9451,30545
9452,30545
9453,30545
9454,30545
9455,30545
9456,30545
9457,30545
9458,30545
9459,30545
9460,30545
9461,30545
9462,30545
9463,30545
9464,30545
9465,30545
9466,30545
9467,30545
9468,30545
9469,30545
9470,30545
9471,30545
9472,30545
9473,30545
9474,30545
9475,30545
9476,30545
9477,30545
9478,30545
9479,30545
9480,30545
9481,30545
9482,30545
9483,30545
9484,30545
9485,30545
9486,30545
9487,30545
9488,30545
9489,30545
9490,30545
9491,30545
9492,30545
9493,30545
9494,30545
9495,30545
9496,30545
9497,30545
9498,30545
9499,30545
9500,30545
9501,30545
9502,30545
9503,30545
9504,30545
9505,30545
9506,32335
9507,32335
9508,32335
9509,32335
9510,32335
9511,32335
9512,32335
9513,32335
9514,32335
9515,32335
9516,32335
9517,32335
9518,32335
9519,32335
9520,32335
9521,32335
9522,32335
9523,32335
9524,32335
9525,32335
9526,32335
9527,32335
9528,32335
9529,32335
9530,32335
9531,32335
9532,32335
9533,32335
9534,32335
9535,32335
9536,32335
9537,32335
9538,32335
9539,32335
9540,32335
9541,32335
9542,32335
9543,32335
9544,32335
9545,32335
9546,32335
9547,32335
9548,32335
9549,32335
9550,32335
9551,32335
9552,32335
9553,32335
9554,32335
9555,32335
9556,32335
9557,32335
9558,32335
9559,32335
9560,32335
9561,32335
9562,32335
9563,32335
9564,32335
9565,32335
9566,32335
9567,32335
9568,32335
9569,32335
9570,32335
9571,32335
9572,32335
9573,32335
9574,32335
9575,32335
9576,32335
9577,32335
9578,32335
9579,32335
9580,32335
9581,32335
9582,32335
9583,32335
9584,32335
9585,32335
9586,32335
9587,32335
9588,32335
9589,32335
9590,32335
9591,32335
9592,32335
9593,32335
9594,32335
9595,32335
9596,32335
9597,32335
9598,32335
9599,32335
9600,32335
9601,32335
9602,32335
9603,32335
9604,32335
9605,32335
9606,32335
9607,32335
9608,32335
9609,32335
9610,32335
9611,32335
9612,32335
9613,32335
9614,32335
9615,32335
9616,32335
9617,32335
9618,32335
9619,32335
9620,32335
9621,32335
9622,32335
9623,32335
9624,32335
9625,32335
9626,32335
9627,32335
9628,32335
9629,32335
9630,32335
9631,32335
9632,32335
9633,32335
9634,32335
9635,32335
9636,32335
9637,32335
9638,32335
9639,32335
9640,32335
9641,32335
9642,32335
9643,32335
9644,32335
9645,32335
9646,32335
9647,32335
9648,32335
9649,32335
9650,32335
9651,32335
9652,32335
9653,32335
9654,32335
9655,32335
9656,32335
9657,32335
9658,32335
9659,32335
9660,32335
9661,32335
9662,32335
9663,32335
9664,32335
9665,32335
9666,32335
9667,32335
9668,32335
9669,32335
9670,32335
9671,32335
9672,32335
9673,32335
9674,32335
9675,32335
9676,32335
9677,32335
9678,32335
9679,32335
9680,32335
9681,32335
9682,32335
9683,32335
9684,32335
9685,32335
9686,32335
9687,32335
9688,32335
9689,32335
9690,32335
9691,32335
9692,32335
9693,32335
9694,32335
9695,32335
9696,32335
9697,32335
9698,32335
9699,32335
9700,32335
9701,32335
9702,32335
9703,32335
9704,32335
9705,32335
9706,32335
9707,32335
9708,32335
9709,32335
9710,32335
9711,32335
9712,32335
9713,32335
9714,32335
9715,32335
9716,32335
9717,32335
9718,32335
9719,32335
9720,32335
9721,32335
9722,32335
9723,32335
9724,32335
9725,32335
9726,32335
9727,32335
9728,32335
9729,32335
9730,32335
9731,32335
9732,32335
9733,32335
9734,32335
9735,32335
9736,32335
9737,32335
9738,32335
9739,32335
9740,32335
9741,35097
9742,35097
9743,35097
9744,35097
9745,35097
9746,35097
9747,35097
9748,35097
9749,35097
9750,35097
9751,35097
9752,35097
9753,35097
9754,35097
9755,35097
9756,35097
9757,35097
9758,35097
9759,35097
9760,35097
9761,35097
9762,35097
9763,35097
9764,35097
9765,35097
9766,35097
9767,35097
9768,35097
9769,35097
9770,35097
9771,35097
9772,35097
9773,35097
9774,35097
9775,35097
9776,35097
9777,35097
9778,35097
9779,35097
9780,35097
9781,35097
9782,35097
9783,35097
9784,35097
9785,35097
9786,35097
9787,35097
9788,35097
9789,35097
9790,35097
9791,35097
9792,35097
9793,35097
9794,35097
9795,35097
9796,35097
9797,35097
9798,35097
9799,35097
9800,35097
9801,35097
9802,35097
9803,35097
9804,35097
9805,35097
9806,35097
9807,35097
9808,35097
9809,35097
9810,35097
9811,35097
9812,35097
9813,35097
9814,35097
9815,35097
9816,35097
9817,35097
9818,35097
9819,35097
9820,35097
9821,35097
9822,35097
9823,35097
9824,35097
9825,35097
9826,35097
9827,35097
9828,35097
9829,35097
9830,35097
9831,35097
9832,35097
9833,35097
9834,35097
9835,35097
9836,35097
9837,35097
9838,35097
9839,35097
9840,35097
9841,35097
9842,35097
9843,35097
9844,35097
9845,35097
9846,35097
9847,35097
9848,35097
9849,35097
9850,35097
9851,35097
9852,35097
9853,35097
9854,35097
9855,35097
9856,35097
9857,35097
9858,38829
9859,38829
9860,38829
9861,38829
9862,38829
9863,38829
9864,38829
9865,38829
9866,38829
9867,38829
9868,38829
9869,38829
9870,38829
9871,38829
9872,38829
9873,38829
9874,38829
9875,38829
9876,38829
9877,38829
9878,38829
9879,38829
9880,38829
9881,38829
9882,38829
9883,38829
9884,38829
9885,38829
9886,38829
9887,38829
9888,38829
9889,38829
9890,38829
9891,38829
9892,38829
9893,38829
9894,38829
9895,38829
9896,38829
9897,38829
9898,38829
9899,38829
9900,38829
9901,38829
9902,38829
9903,38829
9904,38829
9905,38829
9906,38829
9907,38829
9908,38829
9909,38829
9910,38829
9911,38829
9912,38829
9913,38829
9914,38829
9915,38829
9916,38829
9917,38829
9918,38829
9919,38829
9920,38829
9921,38829
9922,38829
9923,38829
9924,38829
9925,38829
9926,38829
9927,38829
9928,38829
9929,38829
9930,38829
9931,38829
9932,38829
9933,38829
9934,38829
9935,38829
9936,38829
9937,38829
9938,38829
9939,38829
9940,38829
9941,38829
9942,38829
9943,38829
9944,38829
9945,38829
9946,38829
9947,38829
9948,38829
9949,38829
9950,38829
9951,38829
9952,38829
9953,38829
9954,38829
9955,38829
9956,38829
9957,38829
9958,38829
9959,38829
9960,38829
9961,38829
9962,38829
9963,38829
9964,38829
9965,38829
9966,38829
9967,38829
9968,38829
9969,38829
9970,38829
9971,38829
9972,38829
9973,38829
9974,38829
9975,38829
9976,38829
9977,38829
9978,38829
9979,38829
9980,38829
9981,38829
9982,38829
9983,38829
9984,38829
9985,38829
9986,38829
9987,38829
9988,38829
9989,38829
9990,38829
9991,38829
9992,38829
9993,38829
9994,38829
9995,38829
9996,38829
9997,38829
9998,38829
9999,38829
10000,0
10001,0
10002,0
10003,0
10004,0
10005,0
10006,0
10007,0
10008,0
10009,0
10010,0
10011,0
10012,0
10013,0
10014,0
10015,0
10016,0
10017,0
10018,0
10019,0
10020,0
10021,0
10022,0
10023,0
10024,0
10025,0
10026,0
10027,0
10028,0
10029,0
10030,0
10031,0
10032,0
10033,0
10034,0
10035,0
10036,0
10037,0
10038,0
10039,0
10040,0
10041,0
10042,0
10043,0
10044,0
10045,0
10046,0
10047,0
10048,0
10049,0
10050,0
10051,0
10052,0
10053,0
10054,0
10055,0
10056,0
10057,0
10058,0
10059,0
10060,0
10061,0
10062,0
10063,0
10064,0
10065,0
10066,0
10067,0
10068,0
10069,0
10070,0
10071,0
10072,0
10073,0
10074,0
10075,0
10076,0
10077,0
10078,0
10079,0
10080,0
10081,0
10082,10
10083,10
10084,10
10085,10
10086,10
10087,10
10088,10
10089,10
10090,10
10091,10
10092,10
10093,10
10094,10
10095,10
10096,10
10097,10
10098,10
10099,10
10100,10
10101,10
10102,10
10103,10
10104,10
10105,10
10106,10
10107,10
10108,10
10109,10
10110,10
10111,10
10112,10
10113,10
10114,10
10115,10
10116,10
10117,10
10118,10
10119,10
10120,10
10121,10
10122,10
10123,10
10124,10
10125,10
10126,10
10127,10
10128,10
10129,10
10130,10
10131,10
10132,10
10133,10
10134,10
10135,10
10136,10
10137,10
10138,10
10139,10
10140,10
10141,10
10142,10
10143,10
10144,10
10145,10
10146,10
10147,10
10148,10
10149,10
10150,10
10151,10
10152,10
10153,10
10154,10
10155,10
10156,10
10157,10
10158,10
10159,10
10160,10
10161,10
10162,10
10163,10
10164,10
10165,10
10166,10
10167,10
10168,10
10169,10
10170,10
10171,10
10172,10
10173,10
10174,10
10175,10
10176,10
10177,10
10178,10
10179,10
10180,10
10181,10
10182,10
10183,10
10184,10
10185,10
10186,10
10187,10
10188,10
10189,10
10190,10
10191,10
10192,10
10193,10
10194,10
10195,10
10196,10
10197,10
10198,10
10199,10
10200,10
10201,10
10202,10
10203,10
10204,10
10205,10
10206,10
10207,10
10208,10
10209,10
10210,10
10211,10
10212,10
10213,10
10214,10
10215,10
10216,10
10217,10
10218,10
10219,20
10220,20
10221,20
10222,20
10223,20
10224,20
10225,20
10226,20
10227,20
10228,20
10229,20
10230,20
10231,20
10232,20
10233,20
10234,20
10235,20
10236,20
10237,20
10238,20
10239,20
10240,20
10241,20
10242,20
10243,20
10244,20
10245,20
10246,20
10247,20
10248,20
10249,20
10250,20
10251,20
10252,20
10253,20
10254,20
10255,20
10256,20
10257,20
10258,20
10259,20
10260,20
10261,20
10262,20
10263,20
10264,20
10265,20
10266,20
10267,20
10268,20
10269,20
10270,20
10271,20
10272,20
10273,20
10274,20
10275,20
10276,20
10277,20
10278,20
10279,20
10280,20
10281,20
10282,20
10283,20
10284,20
10285,20
10286,20
10287,20
10288,20
10289,20
10290,20
10291,20
10292,20
10293,20
10294,20
10295,20
10296,20
10297,20
10298,20
10299,20
10300,20
10301,20
10302,20
10303,20
10304,20
10305,20
10306,20
10307,20
10308,20
10309,20
10310,20
10311,20
10312,20
10313,20
10314,20
10315,20
10316,20
10317,20
10318,20
10319,20
10320,20
10321,20
10322,20
10323,20
10324,20
10325,20
10326,20
10327,20
10328,20
10329,20
10330,20
10331,20
10332,20
10333,20
10334,20
10335,20
10336,20
10337,20
10338,20
10339,20
10340,20
10341,20
10342,20
10343,20
10344,20
10345,20
10346,20
10347,20
10348,20
10349,20
10350,20
10351,20
10352,20
10353,20
10354,20
10355,20
10356,20
10357,20
10358,20
10359,20
10360,20
10361,20
10362,20
10363,20
10364,20
10365,20
10366,20
10367,20
10368,20
10369,20
10370,20
10371,20
10372,20
10373,20
10374,20
10375,20
10376,20
10377,20
10378,20
10379,20
10380,20
10381,20
10382,20
10383,20
10384,20
10385,20
10386,20
10387,20
10388,20
10389,20
10390,30
10391,30
10392,30
10393,30
10394,30
10395,30
10396,30
10397,30
10398,30
10399,30
10400,30
10401,30
10402,30
10403,30
10404,30
10405,30
10406,30
10407,30
10408,30
10409,30
10410,30
10411,30
10412,30
10413,30
10414,30
10415,30
10416,30
10417,30
10418,30
10419,30
10420,30
10421,30
10422,30
10423,30
10424,30
10425,30
10426,30
10427,30
10428,30
10429,30
10430,30
10431,30
10432,30
10433,30
10434,30
10435,30
10436,30
10437,30
10438,30
10439,30
10440,30
10441,30
10442,30
10443,30
10444,30
10445,30
10446,30
10447,30
10448,30
10449,30
10450,30
10451,30
10452,30
10453,30
10454,30
10455,30
10456,30
10457,30
10458,30
10459,30
10460,30
10461,30
10462,30
10463,30
10464,30
10465,30
10466,30
10467,30
10468,30
10469,30
10470,30
10471,30
10472,30
10473,30
10474,30
10475,30
10476,30
10477,30
10478,30
10479,30
10480,30
10481,30
10482,30
10483,30
10484,30
10485,30
10486,30
10487,30
10488,30
10489,30
10490,30
10491,30
10492,30
10493,30
10494,30
10495,30
10496,30
10497,30
10498,30
10499,30
10500,30
10501,30
10502,30
10503,30
10504,30
10505,30
10506,30
10507,30
10508,30
10509,30
10510,30
10511,30
10512,30
10513,30
10514,30
10515,30
10516,30
10517,30
10518,30
10519,30
10520,30
10521,30
10522,30
10523,30
10524,30
10525,30
10526,30
10527,30
10528,30
10529,30
10530,30
10531,30
10532,30
10533,30
10534,30
10535,30
10536,30
10537,30
10538,30
10539,30
10540,30
10541,30
10542,30
10543,30
10544,30
10545,30
10546,30
10547,30
10548,30
10549,30
10550,30
10551,30
10552,30
10553,30
10554,30
10555,30
10556,30
10557,30
10558,30
10559,30
10560,30
10561,30
10562,30
10563,30
10564,30
10565,30
10566,30
10567,30
10568,30
10569,30
10570,30
10571,30
10572,30
10573,30
10574,30
10575,30
10576,30
10577,30
10578,30
10579,30
10580,30
10581,30
10582,30
10583,30
10584,30
10585,30
10586,30
10587,30
10588,30
10589,30
10590,30
10591,30
10592,30
10593,30
10594,40
10595,40
10596,40
10597,40
10598,40
10599,40
10600,40
10601,40
10602,40
10603,40
10604,40
10605,40
10606,40
10607,40
10608,40
10609,40
10610,40
10611,40
10612,40
10613,40
10614,40
10615,40
10616,40
10617,40
10618,40
10619,40
10620,40
10621,40
10622,40
10623,40
10624,40
10625,40
10626,40
10627,40
10628,40
10629,40
10630,40
10631,40
10632,40
10633,40
10634,40
10635,40
10636,40
10637,40
10638,40
10639,40
10640,40
10641,40
10642,40
10643,40
10644,40
10645,40
10646,40
10647,40
10648,40
10649,40
10650,40
10651,40
10652,40
10653,40
10654,40
10655,40
10656,40
10657,40
10658,40
10659,40
10660,40
10661,40
10662,40
10663,40
10664,40
10665,40
10666,40
10667,40
10668,40
10669,40
10670,40
10671,40
10672,40
10673,40
10674,40
10675,40
10676,40
10677,40
10678,40
10679,40
10680,40
10681,40
10682,40
10683,40
10684,40
10685,40
10686,40
10687,40
10688,40
10689,40
10690,40
10691,40
10692,40
10693,40
10694,40
10695,40
10696,40
10697,40
10698,40
10699,40
10700,40
10701,40
10702,40
10703,40
10704,40
10705,40
10706,40
10707,40
10708,40
10709,40
10710,40
10711,40
10712,40
10713,40
10714,40
10715,40
10716,40
10717,50
10718,50
10719,50
10720,50
10721,50
10722,50
10723,50
10724,50
10725,50
10726,50
10727,50
10728,50
10729,50
10730,50
10731,50
10732,50
10733,50
10734,50
10735,50
10736,50
10737,50
10738,50
10739,50
10740,50
10741,50
10742,50
10743,50
10744,50
10745,50
10746,50
10747,50
10748,50
10749,50
10750,50
10751,50
10752,50
10753,50
10754,50
10755,50
10756,50
10757,50
10758,50
10759,50
10760,50
10761,50
10762,50
10763,50
10764,50
10765,50
10766,50
10767,50
10768,50
10769,50
10770,50
10771,50
10772,50
10773,50
10774,50
10775,50
10776,50
10777,50
10778,50
10779,50
10780,50
10781,50
10782,50
10783,50
10784,50
10785,50
10786,50
10787,50
10788,50
10789,50
10790,50
10791,50
10792,50
10793,50
10794,50
10795,50
10796,50
10797,50
10798,50
10799,50
10800,50
10801,50
10802,50
10803,50
10804,50
10805,50
10806,50
10807,50
10808,50
10809,50
10810,50
10811,50
10812,50
10813,50
10814,50
10815,50
10816,50
10817,50
10818,50
10819,50
10820,50
10821,50
10822,50
10823,50
10824,50
10825,50
10826,50
10827,50
10828,50
10829,50
10830,50
10831,50
10832,50
10833,50
10834,50
10835,50
10836,50
10837,50
10838,50
10839,50
10840,50
10841,50
10842,50
10843,50
10844,50
10845,50
10846,50
10847,50
10848,50
10849,50
10850,50
10851,50
10852,50
10853,50
10854,50
10855,50
10856,50
10857,50
10858,50
10859,50
10860,50
10861,50
10862,50
10863,50
10864,50
10865,50
10866,50
10867,50
10868,50
10869,50
10870,50
10871,50
10872,50
10873,50
10874,50
10875,50
10876,50
10877,50
10878,50
10879,50
10880,50
10881,50
10882,50
10883,50
10884,50
10885,50
10886,50
10887,50
10888,50
10889,50
10890,50
10891,50
10892,50
10893,50
10894,50
10895,50
10896,50
10897,50
10898,50
10899,50
10900,50
10901,50
10902,50
10903,50
10904,50
10905,50
10906,50
10907,50
10908,50
10909,50
10910,50
10911,50
10912,50
10913,50
10914,50
10915,50
10916,50
10917,50
10918,50
10919,50
10920,50
10921,50
10922,50
10923,50
10924,50
10925,50
10926,50
10927,50
10928,50
10929,50
10930,50
10931,50
10932,50
10933,50
10934,50
10935,50
10936,50
10937,50
10938,50
10939,50
10940,50
10941,50
10942,50
10943,50
10944,50
10945,50
10946,50
10947,50
10948,50
10949,50
10950,50
10951,50
10952,60
10953,60
10954,70
10955,70
10956,70
10957,70
10958,70
10959,70
10960,70
10961,70
10962,70
10963,70
10964,70
10965,70
10966,70
10967,70
10968,70
10969,70
10970,70
10971,70
10972,70
10973,70
10974,70
10975,70
10976,70
10977,70
10978,70
10979,70
10980,70
10981,70
10982,70
10983,70
10984,70
10985,70
10986,70
10987,70
10988,70
10989,70
10990,70
10991,70
10992,70
10993,70
10994,70
10995,70
10996,70
10997,70
10998,70
10999,70
11000,70
11001,70
11002,70
11003,70
11004,70
11005,70
11006,70
11007,70
11008,70
11009,70
11010,70
11011,70
11012,70
11013,70
11014,70
11015,70
11016,70
11017,70
11018,70
11019,70
11020,70
11021,70
11022,70
11023,70
11024,70
11025,70
11026,70
11027,70
11028,70
11029,70
11030,70
11031,70
11032,70
11033,70
11034,70
11035,70
11036,70
11037,70
11038,70
11039,70
11040,70
11041,70
11042,70
11043,70
11044,70
11045,70
11046,70
11047,70
11048,70
11049,70
11050,70
11051,70
11052,70
11053,70
11054,70
11055,70
11056,70
11057,70
11058,70
11059,70
11060,70
11061,70
11062,70
11063,70
11064,70
11065,70
11066,70
11067,70
11068,70
11069,70
11070,70
11071,70
11072,70
11073,70
11074,70
11075,70
11076,70
11077,70
11078,70
11079,70
11080,70
11081,70
11082,70
11083,70
11084,70
11085,70
11086,70
11087,70
11088,70
11089,70
11090,70
11091,70
11092,70
11093,70
11094,70
11095,70
11096,70
11097,70
11098,70
11099,70
11100,70
11101,70
11102,70
11103,70
11104,20
11105,20
11106,20
11107,20
11108,20
11109,20
11110,20
11111,20
11112,20
11113,20
11114,20
11115,20
11116,20
11117,20
11118,20
11119,20
11120,20
11121,20
11122,20
11123,20
11124,20
11125,20
11126,20
11127,20
11128,20
11129,20
11130,20
11131,20
11132,20
11133,20
11134,20
11135,20
11136,20
11137,20
11138,20
11139,20
11140,20
11141,20
11142,20
11143,20
11144,20
11145,20
11146,20
11147,20
11148,20
11149,20
11150,20
11151,20
11152,20
11153,20
11154,20
11155,20
11156,20
11157,20
11158,20
11159,20
11160,20
11161,20
11162,20
11163,20
11164,20
11165,20
11166,20
11167,20
11168,20
11169,20
11170,20
11171,20
11172,20
11173,20
11174,20
11175,20
11176,20
11177,20
11178,20
11179,20
11180,20
11181,20
11182,20
11183,20
11184,20
11185,20
11186,20
11187,20
11188,20
11189,20
11190,20
11191,20
11192,20
11193,20
11194,20
11195,20
11196,20
11197,20
11198,20
11199,20
11200,20
11201,20
11202,20
11203,20
11204,20
11205,20
11206,20
11207,20
11208,20
11209,20
11210,20
11211,20
11212,20
11213,20
11214,20
11215,20
11216,20
11217,20
11218,20
11219,20
11220,20
11221,20
11222,20
11223,20
11224,20
11225,20
11226,20
11227,20
11228,20
11229,20
11230,20
11231,20
11232,20
11233,20
11234,20
11235,20
11236,20
11237,20
11238,20
11239,20
11240,20
11241,20
11242,20
11243,20
11244,20
11245,20
11246,20
11247,20
11248,20
11249,20
11250,20
11251,20
11252,20
11253,20
11254,20
11255,20
11256,20
11257,20
11258,20
11259,20
11260,20
11261,20
11262,20
11263,20
11264,20
11265,20
11266,20
11267,20
11268,20
11269,20
11270,20
11271,20
11272,20
11273,20
11274,20
11275,20
11276,20
11277,20
11278,20
11279,20
11280,20
11281,20
11282,20
11283,20
11284,20
11285,20
11286,20
11287,20
11288,20
11289,20
11290,20
11291,20
11292,20
11293,20
11294,20
11295,20
11296,20
11297,20
11298,20
11299,20
11300,20
11301,20
11302,20
11303,20
11304,20
11305,20
11306,20
11307,20
11308,20
11309,20
11310,20
11311,20
11312,20
11313,20
11314,20
11315,20
11316,20
11317,20
11318,20
11319,40
11320,40
11321,40
11322,40
11323,40
11324,40
11325,40
11326,40
11327,40
11328,40
11329,40
11330,40
11331,40
11332,40
11333,40
11334,40
11335,40
11336,40
11337,40
11338,40
11339,40
11340,40
11341,40
11342,40
11343,40
11344,40
11345,40
11346,40
11347,40
11348,40
11349,40
11350,40
11351,40
11352,40
11353,40
11354,40
11355,40
11356,40
11357,40
11358,40
11359,40
11360,40
11361,40
11362,40
11363,40
11364,40
11365,40
11366,40
11367,40
11368,40
11369,40
11370,40
11371,40
11372,40
11373,40
11374,40
11375,40
11376,40
11377,40
11378,40
11379,40
11380,40
11381,40
11382,40
11383,40
11384,40
11385,40
11386,40
11387,40
11388,40
11389,40
11390,40
11391,40
11392,40
11393,40
11394,40
11395,40
11396,40
11397,40
11398,40
11399,40
11400,40
11401,40
11402,40
11403,40
11404,40
11405,40
11406,40
11407,40
11408,40
11409,40
11410,40
11411,40
11412,40
11413,40
11414,40
11415,40
11416,40
11417,40
11418,50
11419,50
11420,50
11421,50
11422,50
11423,50
11424,50
11425,50
11426,50
11427,50
11428,50
11429,50
11430,50
11431,50
11432,50
11433,50
11434,50
11435,50
11436,50
11437,50
11438,50
11439,50
11440,50
11441,50
11442,50
11443,50
11444,50
11445,50
11446,50
11447,50
11448,50
11449,50
11450,50
11451,50
11452,50
11453,50
11454,50
11455,50
11456,50
11457,50
11458,50
11459,50
11460,50
11461,50
11462,50
11463,50
11464,50
11465,50
11466,50
11467,50
11468,50
11469,50
11470,50
11471,50
11472,50
11473,50
11474,50
11475,50
11476,50
11477,50
11478,50
11479,50
11480,50
11481,50
11482,50
11483,50
11484,50
11485,50
11486,50
11487,50
11488,50
11489,50
11490,50
11491,50
11492,50
11493,50
11494,50
11495,50
11496,50
11497,50
11498,50
11499,50
11500,50
11501,50
11502,50
11503,50
11504,50
11505,50
11506,50
11507,50
11508,50
11509,50
11510,50
11511,50
11512,50
11513,50
11514,50
11515,50
11516,50
11517,50
11518,50
11519,50
11520,50
11521,50
11522,50
11523,50
11524,50
11525,50
11526,50
11527,50
11528,50
11529,50
11530,50
11531,50
11532,50
11533,50
11534,50
11535,50
11536,50
11537,50
11538,50
11539,50
11540,50
11541,50
11542,50
11543,60
11544,60
11545,60
11546,60
11547,60
11548,60
11549,60
11550,60
11551,60
11552,60
11553,60
11554,60
11555,60
11556,60
11557,60
11558,60
11559,60
11560,60
11561,60
11562,60
11563,60
11564,60
11565,60
11566,60
11567,60
11568,60
11569,60
11570,60
11571,60
11572,60
11573,60
11574,60
11575,60
11576,60
11577,60
11578,60
11579,60
11580,60
11581,60
11582,60
11583,60
11584,60
11585,60
11586,60
11587,60
11588,60
11589,60
11590,60
11591,60
11592,60
11593,60
11594,60
11595,60
11596,60
11597,60
11598,60
11599,60
11600,60
11601,60
11602,60
11603,60
11604,60
11605,60
11606,70
11607,70
11608,70
11609,70
11610,70
11611,70
11612,70
11613,70
11614,70
11615,70
11616,70
11617,70
11618,70
11619,70
11620,70
11621,70
11622,70
11623,70
11624,70
11625,70
11626,70
11627,70
11628,70
11629,70
11630,70
11631,70
11632,70
11633,70
11634,70
11635,70
11636,70
11637,70
11638,70
11639,70
11640,70
11641,70
11642,70
11643,70
11644,70
11645,70
11646,70
11647,70
11648,70
11649,70
11650,70
11651,70
11652,70
11653,70
11654,70
11655,70
11656,70
11657,70
11658,70
11659,70
11660,70
11661,70
11662,70
11663,70
11664,70
11665,70
11666,70
11667,70
11668,70
11669,70
11670,70
11671,70
11672,70
11673,70
11674,70
11675,70
11676,70
11677,70
11678,70
11679,70
11680,70
11681,70
11682,70
11683,70
11684,70
11685,70
11686,70
11687,70
11688,70
11689,70
11690,70
11691,70
11692,70
11693,70
11694,70
11695,70
11696,70
11697,70
11698,70
11699,70
11700,70
11701,70
11702,70
11703,70
11704,70
11705,70
11706,70
11707,70
11708,70
11709,70
11710,70
11711,70
11712,70
11713,70
11714,70
11715,70
11716,70
11717,70
11718,70
11719,70
11720,70
11721,70
11722,70
11723,70
11724,70
11725,70
11726,70
11727,70
11728,70
11729,70
11730,70
11731,70
11732,70
11733,70
11734,70
11735,70
11736,70
11737,70
11738,70
11739,70
11740,70
11741,70
11742,70
11743,70
11744,70
11745,70
11746,70
11747,70
11748,70
11749,70
11750,70
11751,70
11752,70
11753,70
11754,70
11755,70
11756,70
11757,70
11758,70
11759,70
11760,70
11761,70
11762,70
11763,70
11764,70
11765,70
11766,70
11767,70
11768,70
11769,70
11770,70
11771,70
11772,70
11773,70
11774,70
11775,70
11776,70
11777,70
11778,70
11779,70
11780,70
11781,70
11782,70
11783,70
11784,70
11785,70
11786,70
11787,70
11788,70
11789,70
11790,70
11791,70
11792,70
11793,80
11794,80
11795,80
11796,80
11797,80
11798,80
11799,80
11800,80
11801,80
11802,80
11803,80
11804,80
11805,80
11806,80
11807,80
11808,80
11809,80
11810,80
11811,80
11812,80
11813,80
11814,80
11815,80
11816,20
11817,20
11818,20
11819,20
11820,20
11821,20
11822,20
11823,20
11824,20
11825,20
11826,20
11827,20
11828,20
11829,20
11830,20
11831,20
11832,20
11833,20
11834,20
11835,20
11836,20
11837,20
11838,20
11839,20
11840,20
11841,20
11842,20
11843,20
11844,20
11845,20
11846,20
11847,20
11848,20
11849,20
11850,20
11851,20
11852,20
11853,20
11854,20
11855,20
11856,20
11857,20
11858,20
11859,20
11860,20
11861,20
11862,20
11863,20
11864,20
11865,20
11866,20
11867,20
11868,20
11869,20
11870,20
11871,20
11872,20
11873,20
11874,20
11875,20
11876,20
11877,20
11878,20
11879,20
11880,20
11881,20
11882,20
11883,20
11884,20
11885,20
11886,20
11887,20
11888,20
11889,20
11890,20
11891,20
11892,20
11893,20
11894,20
11895,20
11896,20
11897,20
11898,20
11899,20
11900,20
11901,20
11902,20
11903,20
11904,20
11905,20
11906,20
11907,20
11908,20
11909,20
11910,20
11911,20
11912,20
11913,20
11914,20
11915,20
11916,20
11917,20
11918,20
11919,20
11920,20
11921,20
11922,20
11923,20
11924,20
11925,20
11926,20
11927,20
11928,20
11929,20
11930,20
11931,20
11932,20
11933,20
11934,20
11935,20
11936,20
11937,20
11938,20
11939,20
11940,20
11941,20
11942,20
11943,20
11944,20
11945,20
11946,20
11947,20
11948,20
11949,20
11950,20
11951,20
11952,20
11953,20
11954,20
11955,20
11956,20
11957,20
11958,20
11959,20
11960,30
11961,30
11962,30
11963,40
11964,40
11965,40
11966,40
11967,40
11968,40
11969,40
11970,40
11971,40
11972,40
11973,40
11974,40
11975,40
11976,40
11977,40
11978,40
11979,40
11980,40
11981,40
11982,40
11983,40
11984,40
11985,40
11986,40
11987,40
11988,40
11989,40
11990,40
11991,40
11992,40
11993,40
11994,40
11995,40
11996,40
11997,40
11998,40
11999,40
12000,40
12001,40
12002,40
12003,40
12004,40
12005,40
12006,40
12007,40
12008,40
12009,40
12010,40
12011,40
12012,40
12013,40
12014,40
12015,40
12016,40
12017,40
12018,40
12019,40
12020,40
12021,40
12022,40
12023,40
12024,40
12025,40
12026,40
12027,40
12028,40
12029,40
12030,40
12031,40
12032,40
12033,40
12034,40
12035,40
12036,40
12037,40
12038,40
12039,40
12040,40
12041,40
12042,40
12043,40
12044,40
12045,40
12046,40
12047,40
12048,40
12049,40
12050,40
12051,40
12052,40
12053,40
12054,40
12055,40
12056,40
12057,40
12058,40
12059,40
12060,40
12061,40
12062,40
12063,40
12064,40
12065,40
12066,40
12067,40
12068,40
12069,40
12070,40
12071,40
12072,40
12073,40
12074,40
12075,40
12076,40
12077,40
12078,40
12079,40
12080,40
12081,40
12082,40
12083,40
12084,40
12085,40
12086,40
12087,40
12088,40
12089,40
12090,40
12091,40
12092,40
12093,40
12094,40
12095,40
12096,40
12097,40
12098,40
12099,40
12100,40
12101,40
12102,40
12103,40
12104,40
12105,40
12106,40
12107,40
12108,40
12109,40
12110,40
12111,40
12112,40
12113,40
12114,40
12115,40
12116,40
12117,40
12118,40
12119,40
12120,40
12121,40
12122,40
12123,40
12124,40
12125,40
12126,40
12127,40
12128,40
12129,40
12130,40
12131,40
12132,40
12133,40
12134,40
12135,40
12136,40
12137,40
12138,40
12139,40
12140,40
12141,40
12142,40
12143,40
12144,40
12145,40
12146,40
12147,40
12148,40
12149,40
12150,40
12151,40
12152,40
12153,40
12154,40
12155,40
12156,40
12157,40
12158,40
12159,40
12160,40
12161,40
12162,50
12163,50
12164,50
12165,50
12166,50
12167,50
12168,50
12169,50
12170,50
12171,50
12172,50
12173,50
12174,50
12175,50
12176,50
12177,50
12178,50
12179,50
12180,50
12181,50
12182,50
12183,50
12184,50
12185,50
12186,50
12187,50
12188,50
12189,50
12190,50
12191,50
12192,50
12193,50
12194,50
12195,50
12196,50
12197,50
12198,50
12199,50
12200,50
12201,50
12202,50
12203,50
12204,50
12205,50
12206,50
12207,50
12208,50
12209,50
12210,50
12211,50
12212,50
12213,50
12214,50
12215,50
12216,50
12217,50
12218,50
12219,50
12220,50
12221,50
12222,50
12223,50
12224,50
12225,50
12226,50
12227,50
12228,50
12229,50
12230,50
12231,50
12232,50
12233,50
12234,50
12235,50
12236,50
12237,50
12238,50
12239,50
12240,50
12241,50
12242,50
12243,50
12244,50
12245,50
12246,50
12247,50
12248,50
12249,50
12250,50
12251,50
12252,50
12253,50
12254,50
12255,50
12256,50
12257,50
12258,50
12259,50
12260,50
12261,50
12262,50
12263,50
12264,50
12265,50
12266,50
12267,50
12268,50
12269,50
12270,50
12271,50
12272,50
12273,50
12274,60
12275,60
12276,60
12277,60
12278,60
12279,60
12280,60
12281,60
12282,60
12283,60
12284,60
12285,60
12286,60
12287,60
12288,60
12289,60
12290,60
12291,60
12292,60
12293,60
12294,60
12295,60
12296,60
12297,60
12298,60
12299,60
12300,60
12301,60
12302,60
12303,60
12304,60
12305,60
12306,60
12307,60
12308,60
12309,60
12310,60
12311,60
12312,60
12313,60
12314,60
12315,60
12316,60
12317,60
12318,60
12319,60
12320,60
12321,60
12322,60
12323,60
12324,60
12325,60
12326,60
12327,60
12328,60
12329,60
12330,60
12331,60
12332,60
12333,60
12334,60
12335,60
12336,60
12337,60
12338,60
12339,60
12340,60
12341,60
12342,60
12343,60
12344,60
12345,60
12346,60
12347,60
12348,60
12349,60
12350,60
12351,60
12352,60
12353,60
12354,60
12355,60
12356,60
12357,60
12358,60
12359,60
12360,60
12361,60
12362,60
12363,60
12364,60
12365,60
12366,60
12367,60
12368,60
12369,60
12370,60
12371,60
12372,60
12373,60
12374,60
12375,60
12376,60
12377,60
12378,60
12379,60
12380,60
12381,60
12382,60
12383,60
12384,60
12385,60
12386,60
12387,60
12388,60
12389,60
12390,60
12391,60
12392,60
12393,70
12394,70
12395,70
12396,70
12397,70
12398,70
12399,70
12400,70
12401,70
12402,70
12403,70
12404,70
12405,70
12406,70
12407,70
12408,70
12409,70
12410,70
12411,70
12412,70
12413,70
12414,70
12415,70
12416,70
12417,70
12418,70
12419,70
12420,70
12421,70
12422,70
12423,70
12424,70
12425,70
12426,70
12427,70
12428,70
12429,70
12430,70
12431,70
12432,70
12433,70
12434,70
12435,70
12436,70
12437,70
12438,70
12439,70
12440,70
12441,70
12442,70
12443,70
12444,70
12445,70
12446,70
12447,70
12448,70
12449,70
12450,70
12451,70
12452,70
12453,70
12454,70
12455,70
12456,70
12457,70
12458,80
12459,80
12460,80
12461,80
12462,80
12463,80
12464,80
12465,80
12466,80
12467,80
12468,80
12469,80
12470,80
12471,80
12472,80
12473,80
12474,80
12475,80
12476,80
12477,80
12478,80
12479,80
12480,80
12481,80
12482,80
12483,80
12484,80
12485,80
12486,80
12487,80
12488,80
12489,90
12490,30
12491,30
12492,30
12493,30
12494,30
12495,30
12496,30
12497,30
12498,30
12499,30
12500,30
12501,30
12502,30
12503,30
12504,30
12505,30
12506,30
12507,30
12508,30
12509,30
12510,30
12511,30
12512,30
12513,30
12514,30
12515,30
12516,30
12517,30
12518,30
12519,30
12520,30
12521,30
12522,30
12523,30
12524,30
12525,30
12526,30
12527,30
12528,30
12529,30
12530,30
12531,30
12532,30
12533,30
12534,30
12535,30
12536,30
12537,30
12538,30
12539,30
12540,30
12541,30
12542,30
12543,30
12544,30
12545,30
12546,30
12547,30
12548,30
12549,30
12550,30
12551,30
12552,30
12553,30
12554,30
12555,30
12556,30
12557,30
12558,30
12559,30
12560,30
12561,30
12562,30
12563,30
12564,30
12565,30
12566,30
12567,30
12568,40
12569,40
12570,40
12571,40
12572,40
12573,40
12574,40
12575,40
12576,40
12577,40
12578,40
12579,40
12580,40
12581,40
12582,40
12583,40
12584,40
12585,40
12586,40
12587,40
12588,40
12589,40
12590,40
12591,40
12592,40
12593,40
12594,40
12595,40
12596,40
12597,40
12598,40
12599,40
12600,40
12601,40
12602,40
12603,40
12604,40
12605,40
12606,40
12607,40
12608,40
12609,40
12610,40
12611,40
12612,40
12613,40
12614,40
12615,40
12616,40
12617,40
12618,40
12619,40
12620,40
12621,40
12622,40
12623,40
12624,40
12625,40
12626,40
12627,40
12628,40
12629,40
12630,40
12631,40
12632,40
12633,40
12634,40
12635,40
12636,40
12637,40
12638,40
12639,40
12640,40
12641,40
12642,40
12643,40
12644,40
12645,40
12646,40
12647,40
12648,40
12649,40
12650,40
12651,40
12652,40
12653,40
12654,40
12655,40
12656,40
12657,40
12658,40
12659,40
12660,40
12661,40
12662,40
12663,40
12664,40
12665,40
12666,40
12667,40
12668,40
12669,40
12670,40
12671,40
12672,40
12673,40
12674,40
12675,40
12676,40
12677,40
12678,40
12679,40
12680,40
12681,40
12682,40
12683,40
12684,40
12685,40
12686,40
12687,40
12688,40
12689,40
12690,40
12691,40
12692,40
12693,40
12694,40
12695,40
12696,40
12697,40
12698,60
12699,60
12700,60
12701,60
12702,60
12703,60
12704,60
12705,60
12706,60
12707,60
12708,60
12709,60
12710,60
12711,60
12712,60
12713,60
12714,60
12715,60
12716,60
12717,60
12718,60
12719,60
12720,60
12721,60
12722,60
12723,60
12724,60
12725,60
12726,60
12727,60
12728,60
12729,60
12730,60
12731,60
12732,60
12733,60
12734,60
12735,60
12736,60
12737,60
12738,60
12739,60
12740,60
12741,60
12742,60
12743,60
12744,60
12745,60
12746,60
12747,60
12748,60
12749,60
12750,60
12751,60
12752,60
12753,60
12754,60
12755,60
12756,60
12757,60
12758,60
12759,60
12760,60
12761,60
12762,60
12763,60
12764,60
12765,60
12766,60
12767,60
12768,60
12769,60
12770,60
12771,60
12772,60
12773,60
12774,60
12775,60
12776,60
12777,60
12778,60
12779,60
12780,60
12781,60
12782,60
12783,60
12784,60
12785,60
12786,60
12787,60
12788,60
12789,60
12790,60
12791,60
12792,60
12793,60
12794,60
12795,60
12796,60
12797,60
12798,60
12799,60
12800,60
12801,60
12802,60
12803,60
12804,60
12805,60
12806,60
12807,60
12808,60
12809,70
12810,70
12811,70
12812,70
12813,70
12814,70
12815,70
12816,70
12817,70
12818,70
12819,70
12820,70
12821,70
12822,70
12823,70
12824,70
12825,70
12826,70
12827,70
12828,70
12829,70
12830,70
12831,70
12832,70
12833,70
12834,70
12835,70
12836,70
12837,70
12838,70
12839,70
12840,70
12841,70
12842,70
12843,70
12844,70
12845,70
12846,70
12847,70
12848,70
12849,70
12850,70
12851,70
12852,70
12853,70
12854,70
12855,70
12856,70
12857,70
12858,70
12859,70
12860,70
12861,70
12862,70
12863,70
12864,70
12865,70
12866,70
12867,70
12868,70
12869,70
12870,70
12871,70
12872,70
12873,70
12874,70
12875,70
12876,70
12877,70
12878,70
12879,70
12880,70
12881,70
12882,70
12883,70
12884,70
12885,70
12886,70
12887,70
12888,70
12889,70
12890,70
12891,70
12892,70
12893,70
12894,70
12895,70
12896,70
12897,70
12898,70
12899,70
12900,70
12901,70
12902,70
12903,70
12904,70
12905,70
12906,70
12907,70
12908,90
12909,90
12910,90
12911,90
12912,90
12913,90
12914,90
12915,90
12916,90
12917,90
12918,90
12919,90
12920,100
12921,100
12922,100
12923,100
12924,100
12925,100
12926,100
12927,100
12928,100
12929,100
12930,100
12931,100
12932,100
12933,100
12934,100
12935,100
12936,100
12937,100
12938,100
12939,100
12940,100
12941,100
12942,100
12943,100
12944,100
12945,100
12946,100
12947,100
12948,100
12949,100
12950,100
12951,100
12952,100
12953,100
12954,100
12955,100
12956,100
12957,100
12958,100
12959,100
12960,100
12961,100
12962,100
12963,100
12964,100
12965,100
12966,100
12967,100
12968,100
12969,100
12970,100
12971,100
12972,100
12973,100
12974,100
12975,100
12976,100
12977,100
12978,100
12979,100
12980,100
12981,100
12982,100
12983,100
12984,100
12985,100
12986,100
12987,100
12988,100
12989,100
12990,100
12991,100
12992,100
12993,100
12994,100
12995,100
12996,100
12997,100
12998,100
12999,100
13000,100
13001,100
13002,100
13003,100
13004,100
13005,100
13006,100
13007,100
13008,100
13009,100
13010,100
13011,100
13012,100
13013,100
13014,100
13015,40
13016,40
13017,40
13018,40
13019,40
13020,40
13021,40
13022,40
13023,40
13024,40
13025,40
13026,40
13027,40
13028,40
13029,50
13030,50
13031,50
13032,50
13033,50
13034,50
13035,50
13036,50
13037,50
13038,50
13039,50
13040,50
13041,50
13042,50
13043,50
13044,50
13045,50
13046,50
13047,50
13048,50
13049,50
13050,50
13051,50
13052,50
13053,50
13054,50
13055,50
13056,50
13057,50
13058,50
13059,50
13060,50
13061,50
13062,50
13063,50
13064,50
13065,50
13066,50
13067,50
13068,50
13069,50
13070,50
13071,50
13072,50
13073,50
13074,50
13075,50
13076,50
13077,50
13078,70
13079,70
13080,70
13081,70
13082,70
13083,70
13084,70
13085,70
13086,70
13087,70
13088,70
13089,70
13090,70
13091,70
13092,70
13093,70
13094,70
13095,70
13096,70
13097,70
13098,70
13099,70
13100,70
13101,70
13102,70
13103,70
13104,70
13105,70
13106,70
13107,70
13108,70
13109,70
13110,70
13111,70
13112,70
13113,70
13114,70
13115,70
13116,70
13117,70
13118,70
13119,70
13120,70
13121,70
13122,70
13123,70
13124,70
13125,70
13126,70
13127,70
13128,70
13129,70
13130,70
13131,70
13132,70
13133,70
13134,70
13135,70
13136,70
13137,70
13138,70
13139,70
13140,70
13141,70
13142,70
13143,70
13144,70
13145,70
13146,70
13147,70
13148,70
13149,70
13150,70
13151,70
13152,70
13153,70
13154,70
13155,70
13156,70
13157,70
13158,70
13159,70
13160,70
13161,70
13162,70
13163,70
13164,70
13165,70
13166,70
13167,70
13168,70
13169,70
13170,80
13171,80
13172,80
13173,80
13174,80
13175,80
13176,80
13177,80
13178,80
13179,80
13180,80
13181,80
13182,80
13183,80
13184,80
13185,80
13186,80
13187,80
13188,80
13189,80
13190,80
13191,80
13192,80
13193,80
13194,80
13195,80
13196,80
13197,80
13198,80
13199,80
13200,80
13201,80
13202,80
13203,80
13204,80
13205,80
13206,80
13207,80
13208,80
13209,80
13210,80
13211,80
13212,80
13213,80
13214,80
13215,80
13216,80
13217,80
13218,80
13219,80
13220,80
13221,80
13222,80
13223,80
13224,80
13225,80
13226,80
13227,80
13228,80
13229,80
13230,80
13231,80
13232,80
13233,80
13234,80
13235,80
13236,80
13237,80
13238,80
13239,80
13240,80
13241,80
13242,80
13243,80
13244,80
13245,80
13246,80
13247,80
13248,80
13249,80
13250,80
13251,80
13252,80
13253,80
13254,80
13255,80
13256,80
13257,80
13258,80
13259,80
13260,80
13261,80
13262,80
13263,80
13264,80
13265,80
13266,80
13267,80
13268,80
13269,80
13270,80
13271,80
13272,80
13273,80
13274,80
13275,80
13276,80
13277,80
13278,80
13279,80
13280,80
13281,80
13282,80
13283,80
13284,80
13285,80
13286,80
13287,80
13288,80
13289,80
13290,80
13291,80
13292,80
13293,80
13294,80
13295,80
13296,80
13297,80
13298,80
13299,80
13300,80
13301,80
13302,80
13303,80
13304,80
13305,80
13306,80
13307,80
13308,80
13309,80
13310,80
13311,80
13312,80
13313,80
13314,80
13315,80
13316,80
13317,80
13318,80
13319,80
13320,80
13321,80
13322,80
13323,80
13324,80
13325,80
13326,80
13327,80
13328,80
13329,100
13330,100
13331,100
13332,100
13333,100
13334,100
13335,100
13336,100
13337,100
13338,100
13339,100
13340,100
13341,100
13342,100
13343,100
13344,100
13345,100
13346,100
13347,100
13348,100
13349,100
13350,100
13351,100
13352,100
13353,100
13354,100
13355,100
13356,100
13357,100
13358,100
13359,100
13360,100
13361,100
13362,100
13363,100
13364,100
13365,100
13366,100
13367,100
13368,100
13369,100
13370,100
13371,100
13372,100
13373,100
13374,100
13375,100
13376,100
13377,100
13378,100
13379,100
13380,100
13381,100
13382,100
13383,100
13384,100
13385,100
13386,100
13387,100
13388,100
13389,100
13390,100
13391,100
13392,100
13393,100
13394,100
13395,100
13396,100
13397,100
13398,100
13399,100
13400,100
13401,100
13402,100
13403,100
13404,100
13405,100
13406,100
13407,100
13408,100
13409,100
13410,100
13411,100
13412,100
13413,100
13414,100
13415,100
13416,100
13417,100
13418,100
13419,100
13420,100
13421,100
13422,100
13423,110
13424,110
13425,110
13426,110
13427,110
13428,110
13429,110
13430,110
13431,110
13432,110
13433,110
13434,110
13435,110
13436,110
13437,110
13438,110
13439,110
13440,110
13441,110
13442,110
13443,110
13444,110
13445,110
13446,110
13447,110
13448,110
13449,110
13450,110
13451,110
13452,110
13453,110
13454,110
13455,110
13456,110
13457,110
13458,110
13459,110
13460,110
13461,110
13462,110
13463,110
13464,110
13465,110
13466,110
13467,110
13468,110
13469,110
13470,110
13471,110
13472,110
13473,110
13474,110
13475,110
13476,110
13477,110
13478,110
13479,110
13480,110
13481,110
13482,110
13483,110
13484,110
13485,110
13486,110
13487,110
13488,110
13489,110
13490,110
13491,110
13492,110
13493,110
13494,110
13495,110
13496,110
13497,110
13498,110
13499,110
13500,110
13501,110
13502,110
13503,110
13504,110
13505,110
13506,110
13507,110
13508,110
13509,110
13510,110
13511,110
13512,110
13513,110
13514,110
13515,110
13516,110
13517,110
13518,110
13519,110
13520,110
13521,110
13522,110
13523,110
13524,110
13525,110
13526,110
13527,110
13528,110
13529,110
13530,110
13531,110
13532,110
13533,110
13534,110
13535,110
13536,110
13537,110
13538,110
13539,110
13540,110
13541,110
13542,110
13543,110
13544,110
13545,110
13546,110
13547,110
13548,110
13549,110
13550,110
13551,110
13552,110
13553,110
13554,110
13555,110
13556,110
13557,110
13558,110
13559,110
13560,110
13561,110
13562,110
13563,110
13564,110
13565,110
13566,110
13567,110
13568,110
13569,110
13570,110
13571,110
13572,110
13573,110
13574,110
13575,110
13576,110
13577,110
13578,110
13579,110
13580,110
13581,110
13582,110
13583,110
13584,110
13585,110
13586,110
13587,110
13588,110
13589,110
13590,110
13591,110
13592,110
13593,110
13594,110
13595,110
13596,110
13597,110
13598,110
13599,110
13600,110
13601,110
13602,110
13603,110
13604,110
13605,110
13606,110
13607,110
13608,110
13609,110
13610,110
13611,110
13612,110
13613,110
13614,110
13615,110
13616,110
13617,110
13618,110
13619,110
13620,110
13621,110
13622,110
13623,110
13624,110
13625,110
13626,110
13627,110
13628,110
13629,110
13630,110
13631,110
13632,110
13633,110
13634,110
13635,50
13636,50
13637,50
13638,50
13639,50
13640,50
13641,50
13642,50
13643,50
13644,50
13645,50
13646,50
13647,50
13648,50
13649,50
13650,50
13651,50
13652,50
13653,50
13654,50
13655,50
13656,50
13657,50
13658,50
13659,50
13660,50
13661,50
13662,50
13663,50
13664,50
13665,50
13666,50
13667,50
13668,50
13669,50
13670,50
13671,50
13672,50
13673,50
13674,50
13675,50
13676,50
13677,50
13678,50
13679,50
13680,50
13681,50
13682,50
13683,50
13684,50
13685,50
13686,50
13687,50
13688,50
13689,50
13690,50
13691,50
13692,50
13693,50
13694,50
13695,50
13696,50
13697,50
13698,50
13699,50
13700,50
13701,50
13702,50
13703,60
13704,60
13705,60
13706,60
13707,60
13708,60
13709,60
13710,60
13711,60
13712,60
13713,60
13714,60
13715,60
13716,60
13717,60
13718,60
13719,60
13720,60
13721,60
13722,60
13723,60
13724,60
13725,60
13726,60
13727,60
13728,60
13729,60
13730,60
13731,60
13732,60
13733,60
13734,60
13735,60
13736,60
13737,60
13738,60
13739,60
13740,60
13741,60
13742,60
13743,60
13744,60
13745,60
13746,60
13747,60
13748,60
13749,60
13750,60
13751,60
13752,60
13753,60
13754,60
13755,60
13756,60
13757,60
13758,60
13759,60
13760,60
13761,60
13762,60
13763,60
13764,60
13765,60
13766,60
13767,60
13768,60
13769,60
13770,60
13771,60
13772,60
13773,60
13774,60
13775,60
13776,60
13777,60
13778,60
13779,60
13780,60
13781,60
13782,60
13783,60
13784,60
13785,60
13786,60
13787,60
13788,60
13789,60
13790,60
13791,60
13792,60
13793,60
13794,60
13795,60
13796,60
13797,60
13798,60
13799,70
13800,70
13801,70
13802,70
13803,70
13804,70
13805,70
13806,70
13807,90
13808,90
13809,90
13810,90
13811,90
13812,90
13813,90
13814,90
13815,90
13816,90
13817,90
13818,90
13819,90
13820,90
13821,90
13822,90
13823,90
13824,90
13825,90
13826,90
13827,90
13828,90
13829,90
13830,90
13831,90
13832,90
13833,90
13834,90
13835,90
13836,90
13837,90
13838,90
13839,90
13840,90
13841,90
13842,90
13843,90
13844,90
13845,90
13846,90
13847,90
13848,90
13849,90
13850,90
13851,90
13852,90
13853,90
13854,90
13855,90
13856,90
13857,90
13858,90
13859,110
13860,110
13861,110
13862,110
13863,110
13864,110
13865,110
13866,110
13867,110
13868,110
13869,110
13870,110
13871,110
13872,110
13873,110
13874,110
13875,110
13876,110
13877,110
13878,110
13879,110
13880,110
13881,110
13882,110
13883,110
13884,110
13885,110
13886,110
13887,110
13888,110
13889,110
13890,110
13891,110
13892,110
13893,110
13894,110
13895,110
13896,110
13897,110
13898,110
13899,110
13900,120
13901,120
13902,120
13903,120
13904,120
13905,120
13906,120
13907,120
13908,120
13909,120
13910,120
13911,120
13912,120
13913,120
13914,120
13915,120
13916,120
13917,120
13918,120
13919,120
13920,120
13921,120
13922,120
13923,120
13924,120
13925,120
13926,60
13927,60
13928,60
13929,60
13930,60
13931,60
13932,60
13933,60
13934,60
13935,60
13936,60
13937,60
13938,60
13939,60
13940,60
13941,60
13942,60
13943,60
13944,60
13945,60
13946,60
13947,60
13948,60
13949,60
13950,60
13951,60
13952,60
13953,60
13954,60
13955,60
13956,60
13957,60
13958,60
13959,60
13960,60
13961,60
13962,60
13963,60
13964,60
13965,60
13966,60
13967,60
13968,60
13969,60
13970,60
13971,60
13972,60
13973,60
13974,60
13975,60
13976,60
13977,60
13978,60
13979,60
13980,60
13981,60
13982,60
13983,60
13984,60
13985,60
13986,60
13987,60
13988,60
13989,60
13990,60
13991,60
13992,60
13993,60
13994,60
13995,60
13996,60
13997,60
13998,60
13999,60
14000,60
14001,60
14002,60
14003,60
14004,60
14005,60
14006,60
14007,60
14008,60
14009,60
14010,60
14011,60
14012,60
14013,60
14014,60
14015,60
14016,60
14017,60
14018,60
14019,60
14020,60
14021,60
14022,60
14023,60
14024,60
14025,60
14026,60
14027,60
14028,60
14029,60
14030,60
14031,60
14032,60
14033,60
14034,60
14035,60
14036,60
14037,60
14038,60
14039,60
14040,60
14041,60
14042,60
14043,60
14044,60
14045,60
14046,60
14047,60
14048,60
14049,60
14050,60
14051,60
14052,60
14053,60
14054,60
14055,60
14056,60
14057,60
14058,60
14059,60
14060,60
14061,60
14062,60
14063,60
14064,70
14065,70
14066,70
14067,70
14068,70
14069,70
14070,70
14071,70
14072,70
14073,70
14074,70
14075,70
14076,70
14077,70
14078,70
14079,70
14080,70
14081,70
14082,70
14083,70
14084,70
14085,70
14086,70
14087,70
14088,70
14089,70
14090,70
14091,70
14092,70
14093,70
14094,70
14095,70
14096,70
14097,70
14098,70
14099,70
14100,70
14101,70
14102,70
14103,70
14104,70
14105,70
14106,70
14107,70
14108,80
14109,80
14110,80
14111,80
14112,80
14113,80
14114,80
14115,80
14116,80
14117,80
14118,80
14119,80
14120,80
14121,80
14122,80
14123,80
14124,80
14125,80
14126,80
14127,80
14128,80
14129,80
14130,80
14131,80
14132,80
14133,80
14134,80
14135,80
14136,80
14137,80
14138,80
14139,80
14140,80
14141,80
14142,80
14143,80
14144,80
14145,80
14146,80
14147,80
14148,80
14149,80
14150,80
14151,80
14152,80
14153,80
14154,80
14155,80
14156,80
14157,80
14158,80
14159,80
14160,80
14161,80
14162,80
14163,80
14164,80
14165,80
14166,80
14167,80
14168,80
14169,80
14170,80
14171,80
14172,80
14173,80
14174,80
14175,80
14176,80
14177,80
14178,80
14179,80
14180,80
14181,80
14182,80
14183,80
14184,80
14185,80
14186,80
14187,80
14188,80
14189,80
14190,80
14191,80
14192,80
14193,80
14194,80
14195,80
14196,80
14197,80
14198,80
14199,80
14200,80
14201,80
14202,80
14203,80
14204,80
14205,80
14206,80
14207,80
14208,80
14209,80
14210,80
14211,80
14212,80
14213,80
14214,80
14215,80
14216,80
14217,80
14218,80
14219,80
14220,80
14221,80
14222,80
14223,80
14224,80
14225,80
14226,80
14227,80
14228,80
14229,80
14230,80
14231,100
14232,100
14233,100
14234,100
14235,100
14236,100
14237,100
14238,100
14239,100
14240,100
14241,100
14242,100
14243,100
14244,100
14245,100
14246,100
14247,100
14248,100
14249,100
14250,100
14251,100
14252,100
14253,100
14254,100
14255,100
14256,100
14257,100
14258,100
14259,100
14260,100
14261,100
14262,100
14263,100
14264,100
14265,100
14266,100
14267,100
14268,100
14269,100
14270,100
14271,100
14272,100
14273,100
14274,100
14275,100
14276,100
14277,100
14278,100
14279,100
14280,100
14281,100
14282,100
14283,100
14284,100
14285,100
14286,100
14287,100
14288,100
14289,100
14290,100
14291,100
14292,100
14293,100
14294,100
14295,100
14296,110
14297,110
14298,110
14299,110
14300,110
14301,110
14302,110
14303,110
14304,110
14305,110
14306,110
14307,110
14308,110
14309,110
14310,110
14311,110
14312,110
14313,110
14314,110
14315,110
14316,110
14317,110
14318,110
14319,110
14320,110
14321,110
14322,110
14323,110
14324,110
14325,110
14326,110
14327,110
14328,110
14329,110
14330,110
14331,110
14332,110
14333,110
14334,110
14335,110
14336,110
14337,110
14338,110
14339,110
14340,110
14341,110
14342,110
14343,110
14344,110
14345,110
14346,110
14347,110
14348,110
14349,110
14350,110
14351,110
14352,110
14353,110
14354,110
14355,110
14356,110
14357,110
14358,110
14359,110
14360,110
14361,110
14362,110
14363,110
14364,110
14365,110
14366,110
14367,110
14368,110
14369,110
14370,110
14371,110
14372,110
14373,110
14374,110
14375,110
14376,110
14377,110
14378,110
14379,110
14380,110
14381,110
14382,110
14383,110
14384,110
14385,110
14386,110
14387,110
14388,110
14389,110
14390,110
14391,110
14392,110
14393,110
14394,110
14395,110
14396,110
14397,110
14398,110
14399,110
14400,110
14401,110
14402,110
14403,110
14404,110
14405,110
14406,110
14407,110
14408,110
14409,110
14410,110
14411,110
14412,110
14413,110
14414,110
14415,110
14416,110
14417,110
14418,110
14419,130
14420,130
14421,130
14422,130
14423,130
14424,130
14425,130
14426,130
14427,130
14428,130
14429,130
14430,130
14431,130
14432,130
14433,130
14434,130
14435,130
14436,130
14437,130
14438,130
14439,130
14440,130
14441,130
14442,130
14443,130
14444,130
14445,130
14446,130
14447,130
14448,130
14449,130
14450,130
14451,130
14452,130
14453,130
14454,130
14455,130
14456,130
14457,130
14458,130
14459,130
14460,130
14461,130
14462,130
14463,130
14464,130
14465,130
14466,130
14467,130
14468,130
14469,130
14470,130
14471,130
14472,130
14473,130
14474,130
14475,130
14476,130
14477,130
14478,130
14479,130
14480,130
14481,130
14482,130
14483,70
14484,70
14485,70
14486,70
14487,70
14488,70
14489,70
14490,70
14491,70
14492,70
14493,70
14494,70
14495,70
14496,70
14497,70
14498,70
14499,70
14500,70
14501,70
14502,70
14503,70
14504,70
14505,70
14506,70
14507,70
14508,70
14509,70
14510,70
14511,70
14512,70
14513,70
14514,70
14515,70
14516,70
14517,70
14518,70
14519,70
14520,70
14521,70
14522,70
14523,70
14524,70
14525,70
14526,70
14527,70
14528,70
14529,70
14530,70
14531,70
14532,70
14533,70
14534,70
14535,70
14536,70
14537,70
14538,70
14539,70
14540,70
14541,70
14542,70
14543,70
14544,70
14545,70
14546,70
14547,70
14548,70
14549,70
14550,70
14551,70
14552,70
14553,70
14554,70
14555,70
14556,70
14557,70
14558,70
14559,70
14560,70
14561,70
14562,70
14563,70
14564,70
14565,70
14566,70
14567,70
14568,70
14569,70
14570,70
14571,70
14572,70
14573,70
14574,70
14575,70
14576,70
14577,70
14578,70
14579,70
14580,70
14581,70
14582,70
14583,70
14584,70
14585,70
14586,70
14587,70
14588,70
14589,70
14590,70
14591,70
14592,70
14593,70
14594,70
14595,70
14596,70
14597,70
14598,70
14599,70
14600,70
14601,70
14602,70
14603,70
14604,70
14605,70
14606,70
14607,70
14608,70
14609,70
14610,70
14611,70
14612,70
14613,70
14614,70
14615,70
14616,70
14617,70
14618,70
14619,70
14620,70
14621,70
14622,70
14623,70
14624,70
14625,70
14626,70
14627,70
14628,70
14629,70
14630,70
14631,70
14632,70
14633,70
14634,70
14635,70
14636,70
14637,70
14638,70
14639,70
14640,70
14641,70
14642,70
14643,70
14644,70
14645,70
14646,80
14647,80
14648,80
14649,80
14650,80
14651,80
14652,80
14653,80
14654,80
14655,80
14656,80
14657,80
14658,80
14659,80
14660,80
14661,80
14662,80
14663,80
14664,80
14665,80
14666,80
14667,80
14668,80
14669,80
14670,80
14671,80
14672,80
14673,80
14674,80
14675,80
14676,80
14677,80
14678,80
14679,80
14680,80
14681,80
14682,80
14683,80
14684,80
14685,80
14686,80
14687,80
14688,80
14689,80
14690,90
14691,90
14692,90
14693,90
14694,90
14695,90
14696,90
14697,90
14698,90
14699,90
14700,90
14701,90
14702,90
14703,90
14704,90
14705,90
14706,90
14707,90
14708,90
14709,90
14710,90
14711,90
14712,90
14713,90
14714,90
14715,90
14716,90
14717,90
14718,90
14719,90
14720,90
14721,90
14722,90
14723,90
14724,90
14725,90
14726,90
14727,90
14728,90
14729,90
14730,90
14731,90
14732,90
14733,90
14734,90
14735,90
14736,90
14737,90
14738,90
14739,90
14740,90
14741,90
14742,90
14743,90
14744,90
14745,90
14746,90
14747,90
14748,90
14749,90
14750,90
14751,90
14752,90
14753,90
14754,90
14755,90
14756,90
14757,90
14758,90
14759,90
14760,90
14761,90
14762,90
14763,90
14764,90
14765,90
14766,90
14767,90
14768,90
14769,90
14770,90
14771,100
14772,100
14773,100
14774,100
14775,100
14776,100
14777,100
14778,100
14779,100
14780,100
14781,100
14782,100
14783,100
14784,100
14785,100
14786,100
14787,100
14788,100
14789,100
14790,100
14791,100
14792,100
14793,100
14794,100
14795,100
14796,100
14797,100
14798,100
14799,100
14800,100
14801,100
14802,100
14803,100
14804,100
14805,110
14806,110
14807,110
14808,110
14809,110
14810,110
14811,110
14812,110
14813,110
14814,110
14815,110
14816,110
14817,110
14818,110
14819,130
14820,130
14821,130
14822,130
14823,130
14824,130
14825,130
14826,130
14827,130
14828,130
14829,130
14830,130
14831,130
14832,130
14833,130
14834,130
14835,130
14836,130
14837,130
14838,130
14839,130
14840,130
14841,130
14842,130
14843,130
14844,130
14845,130
14846,130
14847,130
14848,130
14849,130
14850,130
14851,130
14852,130
14853,130
14854,130
14855,130
14856,130
14857,130
14858,130
14859,130
14860,130
14861,130
14862,130
14863,130
14864,130
14865,130
14866,130
14867,130
14868,130
14869,130
14870,130
14871,130
14872,130
14873,130
14874,130
14875,130
14876,130
14877,130
14878,130
14879,130
14880,130
14881,130
14882,130
14883,130
14884,130
14885,130
14886,130
14887,130
14888,130
14889,130
14890,130
14891,130
14892,130
14893,130
14894,130
14895,130
14896,130
14897,130
14898,130
14899,130
14900,130
14901,130
14902,130
14903,130
14904,130
14905,130
14906,130
14907,130
14908,130
14909,130
14910,130
14911,130
14912,130
14913,130
14914,130
14915,130
14916,130
14917,130
14918,130
14919,130
14920,130
14921,130
14922,130
14923,130
14924,130
14925,130
14926,130
14927,130
14928,130
14929,130
14930,130
14931,130
14932,130
14933,130
14934,130
14935,130
14936,130
14937,140
14938,140
14939,140
14940,140
14941,140
14942,140
14943,140
14944,140
14945,140
14946,140
14947,140
14948,140
14949,140
14950,140
14951,140
14952,140
14953,140
14954,140
14955,140
14956,140
14957,140
14958,140
14959,140
14960,140
14961,140
14962,140
14963,140
14964,140
14965,140
14966,140
14967,140
14968,140
14969,140
14970,140
14971,140
14972,140
14973,140
14974,140
14975,140
14976,140
14977,140
14978,140
14979,140
14980,140
14981,140
14982,140
14983,140
14984,140
14985,140
14986,140
14987,140
14988,140
14989,140
14990,140
14991,140
14992,140
14993,140
14994,140
14995,140
14996,140
14997,140
14998,140
14999,140
